"n","p","test","R_time","time_median","time_p10","time_p90","mem_median","mcse_time"
200,4,"DEF.poly3",30,0.0106397500001095,0.00410515000016858,0.0155435200001648,107872,0.000850288720935843
500,4,"DEF.poly3",30,0.00505750000013449,0.00342202000010729,0.00600529000007555,244480,0.000488722497841151
1000,4,"DEF.poly3",30,0.00810320000005049,0.00442327000005207,0.0140960500000574,468576,0.00141166716887055
2000,4,"DEF.poly3",30,0.0114681500001552,0.00586303000013686,0.0167132700000138,916768,0.000967595811901973
5000,4,"DEF.poly3",30,0.0142209500002082,0.00992032000026484,0.0162363600002209,2285920,0.000620762703451209
10000,4,"DEF.poly3",30,0.0229784000000564,0.0162890200002039,0.0302819900001396,4551456,0.000999375636797714
20000,4,"DEF.poly3",30,0.041396000000077,0.0291622300000654,0.0562100300000111,9082528,0.00742363992860809
50000,4,"DEF.poly3",10,0.0722202000001744,0.0675935300001584,0.0790347499999143,22544684,0.00340457160921264
200,8,"DEF.poly3",30,0.00526515000012751,0.0045011100002057,0.00631907000013144,137488,0.000263141622966515
500,8,"DEF.poly3",30,0.00564129999997931,0.00358581000014055,0.0080712400002767,312496,0.000429028311837673
1000,8,"DEF.poly3",30,0.00901160000012169,0.00459527000016351,0.0138002000001734,600592,0.000658291406331727
2000,8,"DEF.poly3",30,0.0100455500001999,0.00591956999999184,0.014997460000086,1176784,0.000975437744673162
5000,8,"DEF.poly3",30,0.015005300000098,0.0102952500001493,0.0176140500000657,2929936,0.000467698528226757
10000,8,"DEF.poly3",30,0.0246177000001353,0.0172212500000569,0.0336871499999915,5835472,0.00430604352084758
20000,8,"DEF.poly3",30,0.0476980500002356,0.0310956000001625,0.0607289800002945,11646544,0.00225036892284587
50000,8,"DEF.poly3",10,0.0821031500001936,0.0764431300001434,0.0915544700001647,28948688,0.0020912729035391
200,16,"DEF.poly3",30,0.00554550000026666,0.00472467999995842,0.00761877000004461,199856,0.000310155782390619
500,16,"DEF.poly3",30,0.00684420000015962,0.00403330000021925,0.00952276000011807,451664,0.000592113034782435
1000,16,"DEF.poly3",30,0.00896795000005568,0.0052533400001721,0.0114600400001109,867760,0.00051845756219995
2000,16,"DEF.poly3",30,0.0121347500000865,0.00655862999976762,0.0206689700001562,1699952,0.001347686996816
5000,16,"DEF.poly3",30,0.0169379499999422,0.0107481900001403,0.0208405600001242,4221104,0.000710466620725536
10000,16,"DEF.poly3",30,0.0305704500001411,0.0196003100001008,0.0383136000000377,8406640,0.0011698223840545
20000,16,"DEF.poly3",30,0.0581428000002688,0.0375039800001786,0.0736649400001852,16777712,0.00241550452778521
50000,16,"DEF.poly3",10,0.110448100000213,0.0992300300001262,0.130995520000033,41759856,0.00961615866085967
200,32,"DEF.poly3",30,0.00710835000006683,0.00462861000019075,0.0147848800000929,353944,0.000835034537714783
500,32,"DEF.poly3",30,0.00914175000013983,0.00609667000012451,0.0130976200002578,759352,0.00062859117537846
1000,32,"DEF.poly3",30,0.0112144000000854,0.00736336000020401,0.0217642800001613,1431448,0.000993406484089931
2000,32,"DEF.poly3",30,0.016691650000098,0.0112625800000387,0.0397260400000505,2775640,0.00277651553380597
5000,32,"DEF.poly3",30,0.0235665000001291,0.015846460000148,0.0385356800001318,6832792,0.00443390261152081
10000,32,"DEF.poly3",30,0.0445724500000324,0.0298613200002592,0.0637388900001269,13578328,0.00500883247455349
20000,32,"DEF.poly3",30,0.0845807500001002,0.0577688100001296,0.102004080000074,27069400,0.00369095748410677
50000,32,"DEF.poly3",10,0.182992650000074,0.164006860000223,0.27243443000009,67411544,0.0138268862102789
200,4,"DEF.stukel",30,0.00435890000005656,0.00375798000025043,0.00751083000011477,100968,0.000320201377860295
500,4,"DEF.stukel",30,0.00485210000022107,0.00309456000004502,0.00605474000019513,237576,0.000334667069011558
1000,4,"DEF.stukel",30,0.00715275000015936,0.00411980000019412,0.0128601000000799,461672,0.00084060159831338
2000,4,"DEF.stukel",30,0.00967825000009271,0.00531068000013874,0.0127194500001451,909864,0.000590040163619611
5000,4,"DEF.stukel",30,0.0129923500001041,0.00911466000006839,0.0160013100002061,2279016,0.000649314546830928
10000,4,"DEF.stukel",30,0.0232721500000252,0.015828770000121,0.0364501500002006,4544552,0.00131068823037892
20000,4,"DEF.stukel",30,0.0422606000000769,0.0282776800001329,0.0557080399999904,9075624,0.00567240099890606
50000,4,"DEF.stukel",10,0.0722210000002406,0.0674854500002312,0.0768749400000616,22537768,0.00126902724414031
200,8,"DEF.stukel",30,0.00472760000002381,0.00405616000011833,0.00615788000025077,130584,0.000148905770820874
500,8,"DEF.stukel",30,0.00520045000030222,0.00342246000013801,0.00742057000022669,305592,0.000812901254760891
1000,8,"DEF.stukel",30,0.008231500000079,0.00383877000019765,0.0119036199999983,593688,0.000554358313414109
2000,8,"DEF.stukel",30,0.00933430000009139,0.00616277999993144,0.0139259300002095,1169880,0.000828837171478041
5000,8,"DEF.stukel",30,0.0141495500001838,0.00965960999985782,0.016788580000275,2923032,0.000529376711939051
10000,8,"DEF.stukel",30,0.0247834000001603,0.0160182700001769,0.0328286000001981,5828568,0.00131032539476131
20000,8,"DEF.stukel",30,0.0445619500001158,0.0338007800002743,0.0631066400002283,11639640,0.00227005947314681
50000,8,"DEF.stukel",10,0.078516000000036,0.0746979500002453,0.0847560800001702,28941784,0.00149821638416012
200,16,"DEF.stukel",30,0.0054621000001589,0.00472112000009019,0.00924114000013106,192952,0.000449678559700788
500,16,"DEF.stukel",30,0.00586845000020731,0.00395428000012998,0.00850286999998389,444760,0.000394721736725981
1000,16,"DEF.stukel",30,0.00905400000010559,0.00486254000018107,0.0137514900002089,860856,0.00111170761335733
2000,16,"DEF.stukel",30,0.0124001000000362,0.00708343000023887,0.02557003000029,1693048,0.00114625834167041
5000,16,"DEF.stukel",30,0.0169371000002912,0.0110833599999978,0.025072100000034,4214200,0.000935592546634043
10000,16,"DEF.stukel",30,0.0298174000001837,0.0189386400002832,0.0370344600001545,8399736,0.00128206556396401
20000,16,"DEF.stukel",30,0.0567536500000188,0.0384410500001422,0.0663653400003113,16770808,0.00201155346963139
50000,16,"DEF.stukel",10,0.111134400000082,0.105723560000206,0.130972270000211,41752952,0.0075527517555995
200,32,"DEF.stukel",30,0.00668805000009343,0.00436907000032534,0.00832938000032754,347040,0.000289042827925841
500,32,"DEF.stukel",30,0.00780125000005683,0.00556688000017402,0.0109785300001704,752448,0.000374330987391565
1000,32,"DEF.stukel",30,0.0111907000000428,0.00641724000013255,0.0163431700001411,1424544,0.000818157423366384
2000,32,"DEF.stukel",30,0.0157255500000702,0.00829452000025413,0.0206083600002558,2768736,0.00105647303928651
5000,32,"DEF.stukel",30,0.0249521500002175,0.0171005900001774,0.0390583000000334,6825888,0.00435067035420118
10000,32,"DEF.stukel",30,0.0451149000001578,0.0289273000001003,0.0585471000001462,13571424,0.00208476967859011
20000,32,"DEF.stukel",30,0.0854985500002386,0.0515634800001863,0.122635760000208,27062496,0.00726640058007729
50000,32,"DEF.stukel",10,0.203506200000219,0.15721359000006,0.227718150000033,67404640,0.0101768630871919
200,4,"EF",30,0.0025306500001534,0.00221528000031412,0.00338678999999047,55768,0.000142344370802256
500,4,"EF",30,0.00269315000002734,0.00163473000022805,0.00378360000013345,130312,0.000474904750657012
1000,4,"EF",30,0.00381380000021636,0.00220852000013565,0.00476184000033299,256600,0.00022095038011538
2000,4,"EF",30,0.0042847500001244,0.00208059000010508,0.00704039000027024,509176,0.000440143623726571
5000,4,"EF",30,0.00415065000015602,0.00252717000009852,0.00597397000026376,1340632,0.00053892570907641
10000,4,"EF",30,0.00587580000012622,0.00387263000011444,0.0071460900001739,2677240,0.00155864340065727
20000,4,"EF",30,0.00950345000023844,0.00538556000019525,0.0187682000000677,5350456,0.0012008139042372
50000,4,"EF",10,0.0129043000001729,0.0107763700001669,0.0219897700003003,12976888,0.00785226051614678
200,8,"EF",30,0.00274915000022702,0.00228984000004857,0.00421506000016052,62440,0.000153258682807766
500,8,"EF",30,0.00304135000021688,0.00180323000008684,0.00497280000022328,146584,0.000747996054023918
1000,8,"EF",30,0.00423250000005737,0.00171001000014712,0.00536126000006334,288872,0.00110829373223837
2000,8,"EF",30,0.00491460000012012,0.00245417000019188,0.011400580000236,573448,0.00460157667430131
5000,8,"EF",30,0.00481665000006615,0.00261032000012164,0.00670890000012605,1500904,0.000319866447871004
10000,8,"EF",30,0.0062409000001935,0.0035992100001522,0.0116886500002465,2997512,0.000697788106749092
20000,8,"EF",30,0.0106241500002397,0.00643706999987899,0.0139753300000393,5990728,0.00055705214316304
50000,8,"EF",10,0.0127353000001449,0.0113474600000927,0.0214417600000388,14577160,0.00183596873847548
200,16,"EF",30,0.00318555000012566,0.0022635700001274,0.00528549999980896,76344,0.000349957285145648
500,16,"EF",30,0.00320735000002515,0.00193331000002672,0.00631820000007793,179688,0.000607181425211972
1000,16,"EF",30,0.00450610000018514,0.00191647000008288,0.00733658999999989,353976,0.000378910936828965
2000,16,"EF",30,0.00471775000016805,0.00230795999998463,0.0065491200001361,702552,0.00221134911960026
5000,16,"EF",30,0.0050989000002346,0.00282987000032335,0.00701494000020375,1822008,0.00054933528402173
10000,16,"EF",30,0.00833890000012616,0.00381636999993589,0.0151505000001407,3638616,0.00430386288895884
20000,16,"EF",30,0.0117513000000144,0.00597066000009363,0.0202118700002075,7271832,0.00087864743897173
50000,16,"EF",10,0.0149074500001234,0.0134988700001714,0.0179640200001359,17778264,0.000660840634087867
200,32,"EF",30,0.00362140000015643,0.00206784000017706,0.0052445100000341,109400,0.000240178895625999
500,32,"EF",30,0.00362870000014937,0.00252690000015718,0.0044114500002479,251144,0.000326509648461047
1000,32,"EF",30,0.00447405000011259,0.00240737999997691,0.00684136000011222,489432,0.00048516206203748
2000,32,"EF",30,0.0057673500001556,0.00255322000007255,0.00851741000024049,966008,0.000368332280669414
5000,32,"EF",30,0.00638015000026826,0.00334650000013426,0.0105632900000501,2469464,0.000641449716868275
10000,32,"EF",30,0.00818745000015042,0.00439947000024858,0.011566940000148,4926072,0.000759603839742123
20000,32,"EF",30,0.0121987000001127,0.00800986999997804,0.0173966000001428,9839288,0.000663859716516714
50000,32,"EF",10,0.0318517000001748,0.0173350600000731,0.0412478700002566,24185720,0.00436330679743938
200,4,"glm_fit",30,0.00244410000004791,0.00199577000014415,0.00306755000028716,422040,9.60219609380288e-05
500,4,"glm_fit",30,0.00292195000020001,0.00203312000032838,0.00337444000001597,1027688,0.000107894889325047
1000,4,"glm_fit",30,0.00498450000009143,0.0032795200000919,0.00615276000007725,2037784,0.000222387333464525
2000,4,"glm_fit",30,0.00797685000009096,0.00506496000018614,0.0118752600001926,4057976,0.000502749159352642
5000,4,"glm_fit",30,0.0149489000002631,0.0105612000002566,0.0196402500002023,10143128,0.00071119825828733
10000,4,"glm_fit",30,0.0261109500000885,0.0192633200000728,0.0345800000001873,16545760,0.00108650045997105
20000,4,"glm_fit",30,0.0524596500001735,0.0336778500001173,0.0649845900000401,33076832,0.00358258334797293
50000,4,"glm_fit",10,0.0865930500000331,0.0817435200003046,0.0934930200000963,82538976,0.00199258088016201
200,8,"glm_fit",30,0.00303764999989653,0.00229988000016875,0.00333329000013691,509456,0.000101290540955399
500,8,"glm_fit",30,0.00355685000010908,0.0024522000000843,0.00453986000018176,1239904,0.000171250225700698
1000,8,"glm_fit",30,0.00533330000007482,0.00343680000009954,0.00756990000006681,2458000,0.000305412278594108
2000,8,"glm_fit",30,0.0103217000000768,0.00637515000012172,0.013154869999994,4894192,0.000499067804357248
5000,8,"glm_fit",30,0.0178399000000126,0.0108188000002884,0.0278834599999527,12227344,0.00125299625822154
10000,8,"glm_fit",30,0.0296847000000753,0.0237016600001425,0.037936910000144,20069792,0.000994280209848169
20000,8,"glm_fit",30,0.0597971500001222,0.0463197400000354,0.0706057800002099,40120864,0.00207642297634322
50000,8,"glm_fit",10,0.12102734999985,0.101934920000099,0.176146160000121,100143008,0.011514642932711
200,16,"glm_fit",30,0.00399125000012645,0.00333010000022114,0.0044291300001305,689328,9.35352195212034e-05
500,16,"glm_fit",30,0.00490565000018251,0.00356700000015735,0.00618912000009004,1669376,0.00024086167678385
1000,16,"glm_fit",30,0.00798705000011068,0.00516800999996576,0.00927348000013808,3303472,0.000308919761758603
2000,16,"glm_fit",30,0.0145385000000715,0.00867053999995732,0.0205058100001224,6571664,0.0010366381831362
5000,16,"glm_fit",30,0.0232276500001945,0.0165454400001181,0.0280128900001728,16400816,0.000892738494424565
10000,16,"glm_fit",30,0.0490125500001568,0.033905569999979,0.0638577499998973,27123136,0.00226509595328805
20000,16,"glm_fit",30,0.0848003500002505,0.0577366800002209,0.124543950000134,54214208,0.0055801465862542
50000,16,"glm_fit",10,0.182842650000226,0.147791580000103,0.202456509999888,135356352,0.00819111705973116
200,32,"glm_fit",30,0.00544034999995801,0.00425415000011071,0.0073715800001537,1256488,0.000231677113814889
500,32,"glm_fit",30,0.00886310000009871,0.00597806000025684,0.0119879400001537,2567048,0.000439537688959741
1000,32,"glm_fit",30,0.0137130500000921,0.00857034000018757,0.0170315900001014,5033144,0.000615039142894687
2000,32,"glm_fit",30,0.0216870000001564,0.0148801500001354,0.0258718200002477,9965336,0.000809622705369497
5000,32,"glm_fit",30,0.0460519000000659,0.0312950700000101,0.0615677300002744,24786488,0.004176894752986
10000,32,"glm_fit",30,0.0774740500000917,0.058189599999946,0.106887890000212,41267336,0.0059717415646478
20000,32,"glm_fit",30,0.126128050000034,0.0942706899998939,0.174195980000149,82438408,0.00535669227257094
50000,32,"glm_fit",10,0.294339450000166,0.236563889999752,0.409934250000219,205820552,0.0252317613083299
200,4,"HL",30,0.0023500500000182,0.0019430500000226,0.0025744200001327,43472,8.4868874206905e-05
500,4,"HL",30,0.00272870000014791,0.0020684300000994,0.00407603000016934,105600,0.000323218085048993
1000,4,"HL",30,0.00438680000002023,0.00232803000010335,0.00667493000028116,207696,0.000305398762568534
2000,4,"HL",30,0.00612190000003921,0.00391611000009107,0.0125248300000976,411888,0.000689451509199388
5000,4,"HL",30,0.00994840000021213,0.00696958000003178,0.0139742100001286,1049040,0.000526460178406115
10000,4,"HL",30,0.0169841500002121,0.0127575700003263,0.0237452000000531,2094576,0.000776610023224752
20000,4,"HL",30,0.0336615000001075,0.0242031200001066,0.039714830000139,4185648,0.00102680843309774
50000,4,"HL",10,0.0619260000001986,0.0589471700003287,0.0637532900002043,10327792,0.000855075562350313
200,8,"HL",30,0.00258990000008907,0.00216522000016539,0.0055441800001745,50144,0.00042773100397713
500,8,"HL",30,0.00296240000011494,0.00205147000003762,0.00422536000007767,121872,0.000147615109162477
1000,8,"HL",30,0.00438415000007808,0.00241677000014988,0.00723679000011544,239968,0.000545338962057699
2000,8,"HL",30,0.00675520000015695,0.00377406000000065,0.00975219000010839,476160,0.000676242621024717
5000,8,"HL",30,0.0100375500002201,0.00692724999987604,0.0116450600002509,1209312,0.000576885314461436
10000,8,"HL",30,0.0179898500001627,0.0132405700000163,0.0205929500001503,2414848,0.000572272560155094
20000,8,"HL",30,0.0352614499998936,0.0244258900000659,0.0454525200000489,4825920,0.00131211326188486
50000,8,"HL",10,0.0629387000001315,0.0587494700001798,0.0682587800000419,11928064,0.00135057802246327
200,16,"HL",30,0.00275325000018256,0.00234908000020368,0.00339842000023509,64048,0.000202873114197476
500,16,"HL",30,0.00310190000004695,0.00206718000015371,0.0037955600001851,154976,0.000185181681630187
1000,16,"HL",30,0.0050000999999611,0.00250117000007321,0.00819476000015129,305072,0.000555642118810337
2000,16,"HL",30,0.00737720000017816,0.00352128000004086,0.00857733000020744,605264,0.000656159349003616
5000,16,"HL",30,0.0105674500001669,0.00731716000022971,0.0126901100001987,1530416,0.000350570949847043
10000,16,"HL",30,0.0188908500001616,0.013253779999809,0.0215053700001818,3055952,0.000618328227826842
20000,16,"HL",30,0.0343289500001447,0.025557690000096,0.0399393500001451,6107024,0.00101795533088043
50000,16,"HL",10,0.0645028500002809,0.0629382100002431,0.0697085900001184,15129168,0.00153689538890534
200,32,"HL",30,0.00325465000014446,0.00193855000018174,0.00507263000015428,97104,0.00022401534427999
500,32,"HL",30,0.00384170000018003,0.0023330200000828,0.00629290000013043,226432,0.000337784390614575
1000,32,"HL",30,0.00544305000005352,0.00285725000021557,0.00761351000010109,440528,0.000351010864041746
2000,32,"HL",30,0.00722330000007787,0.00398687999993399,0.0103370900000982,868720,0.000474833803345291
5000,32,"HL",30,0.0114889000001312,0.00766697000012755,0.0153714600002331,2177872,0.005058532609255
10000,32,"HL",30,0.019999100000291,0.0133855100002393,0.0241905000002362,4343408,0.000734088685315638
20000,32,"HL",30,0.0377260500001739,0.0254243200000474,0.045906930000092,8674480,0.00128790490659986
50000,32,"HL",10,0.0688859500000945,0.0637720700002774,0.0721650100001852,21536624,0.00114931155248438
200,4,"le-Cessie",5,0.0232445999999982,0.0204889600001479,0.0241015600000537,5501632,0.000825316142797312
500,4,"le-Cessie",5,0.216310300000259,0.182122360000131,0.227758400000176,33843832,0.0120884644783437
1000,4,"le-Cessie",5,1.93990070000018,1.53301927999991,2.19068582000014,134681080,0.168577090039578
2000,4,"le-Cessie",5,25.7800461000002,18.7833886999999,25.8726116200002,537355080,2.30548023323608
200,8,"le-Cessie",5,0.026956600000176,0.0203505800001949,0.0277331800000865,6886208,0.00190841537787418
500,8,"le-Cessie",5,0.220034899999973,0.185854320000135,0.280447040000081,42097208,0.0209513492749742
1000,8,"le-Cessie",5,1.97781240000018,1.55892256000011,2.07984254000021,167182456,0.143669749295954
2000,8,"le-Cessie",5,26.2324615000002,19.1189904400001,26.4249914000001,666352456,2.38695144047299
200,16,"le-Cessie",5,0.0322618000002421,0.0243844000001445,0.0403832200001943,9658320,0.00394526359048343
500,16,"le-Cessie",5,0.276891500000147,0.22578296000006,0.285151540000061,58607168,0.0138712400291646
1000,16,"le-Cessie",5,1.9886168999999,1.5882410600002,2.19123154000012,232188168,0.148571926423375
2000,16,"le-Cessie",5,26.2978058000001,19.1778329799999,26.38971362,924350168,2.36671633713543
200,32,"le-Cessie",5,0.0370500000001357,0.0307364000001144,0.0387419400001363,15228152,0.00186800632532975
500,32,"le-Cessie",5,0.312151800000265,0.242010580000123,0.345037840000168,91652200,0.0235057140165794
1000,32,"le-Cessie",5,2.2306394000002,1.71163848000028,2.51827538000011,362225200,0.197625616119221
2000,32,"le-Cessie",5,27.0325204000001,19.7316954200002,27.2315431600002,1440371200,2.44103170199181
200,4,"Osius-Rojek",30,0.00172685000018192,0.00144250000003012,0.00207623000014791,58168,5.10905432296509e-05
500,4,"Osius-Rojek",30,0.00195760000008249,0.00111986000015349,0.00300208000016937,142168,0.000278776571538221
1000,4,"Osius-Rojek",30,0.00274505000015779,0.00122087000008833,0.00357281000001421,282168,0.000257589163908385
2000,4,"Osius-Rojek",30,0.00325785000006818,0.00129652000025544,0.00607026000013775,562168,0.000600522559721668
5000,4,"Osius-Rojek",30,0.00262390000011692,0.00175219000004745,0.00351042000004327,1402168,0.000164485524018491
10000,4,"Osius-Rojek",30,0.00455800000008822,0.00279774000011912,0.0115425300002926,2802168,0.000659695413409986
20000,4,"Osius-Rojek",30,0.00612410000019281,0.00350199000013163,0.00934497000012016,5602168,0.000509728604955999
50000,4,"Osius-Rojek",10,0.0108711000001449,0.00793051000009655,0.0148408699998072,14002168,0.000923529200767657
200,8,"Osius-Rojek",30,0.00198945000011008,0.00157602000019779,0.00295527000025686,77792,0.000193322404334376
500,8,"Osius-Rojek",30,0.00228290000018205,0.00147815000011633,0.00313660000001619,190592,0.00018115792048204
1000,8,"Osius-Rojek",30,0.00280015000009826,0.00122169000012491,0.00377472000013768,378592,0.000285978448338052
2000,8,"Osius-Rojek",30,0.0037896000001183,0.00147961000006944,0.00497339000035026,754592,0.00036605113603829
5000,8,"Osius-Rojek",30,0.00337865000005877,0.00205047000008563,0.00474422000020241,1882592,0.000354447224515158
10000,8,"Osius-Rojek",30,0.00462855000000673,0.0030448500001512,0.00717455000012706,3762592,0.000584200825479337
20000,8,"Osius-Rojek",30,0.00874640000017735,0.00623847000013029,0.016174950000277,7522592,0.000916155775954978
50000,8,"Osius-Rojek",10,0.0150502500000585,0.0105088100002604,0.0335290300002498,18802592,0.00505961924716623
200,16,"Osius-Rojek",30,0.00224440000022241,0.00198546000021906,0.00354969000009078,117360,0.000208925729612639
500,16,"Osius-Rojek",30,0.00245295000013357,0.0014915800001063,0.00333576000023186,287760,0.00012421215882251
1000,16,"Osius-Rojek",30,0.00347070000020722,0.00164790999995148,0.0124035900001672,571760,0.000887832149645641
2000,16,"Osius-Rojek",30,0.00440244999992956,0.00199169000022721,0.0062145199999577,1139760,0.0004399175242639
5000,16,"Osius-Rojek",30,0.00543910000021697,0.00299547000010989,0.00664753000000928,2843760,0.000452478052694015
10000,16,"Osius-Rojek",30,0.00839560000008532,0.00543935000023339,0.0106227700001227,5683760,0.00294612617584301
20000,16,"Osius-Rojek",30,0.0146806500000594,0.00856505000028847,0.0270049700002118,11363760,0.0013207775938926
50000,16,"Osius-Rojek",10,0.0340327500001649,0.029565100000309,0.0390754600001628,28403760,0.00137441663955713
200,32,"Osius-Rojek",30,0.00286980000009862,0.00188410999996904,0.00387391000001572,202960,0.000141148566844401
500,32,"Osius-Rojek",30,0.00339805000010074,0.0021139000000403,0.00598349999993389,488560,0.000342994289575634
1000,32,"Osius-Rojek",30,0.00536315000022114,0.00266317000005074,0.0075212500000589,964560,0.000341780159951702
2000,32,"Osius-Rojek",30,0.00631540000017594,0.00324400000019977,0.00776119000004201,1916560,0.00053196956305396
5000,32,"Osius-Rojek",30,0.00952235000011115,0.00723907000019608,0.0108575200001951,4772560,0.000429648970002308
10000,32,"Osius-Rojek",30,0.016384200000175,0.0107258899999124,0.0249300400001402,9532560,0.000924277552655187
20000,32,"Osius-Rojek",30,0.0341063500002292,0.0205035200001703,0.0450516300001709,19052560,0.00204006134682577
50000,32,"Osius-Rojek",10,0.0794259500000862,0.0613914699998076,0.128386570000293,47612560,0.0161126148415091
200,4,"Pigeon-Heyse",30,0.00250640000024304,0.00209558000015022,0.00325156000021707,45792,0.000183311648372971
500,4,"Pigeon-Heyse",30,0.00276500000018132,0.00159985000018423,0.00597544000011112,107568,0.000371430772876755
1000,4,"Pigeon-Heyse",30,0.00374170000020513,0.00172807000005832,0.00455820000017866,209760,0.000274747685888248
2000,4,"Pigeon-Heyse",30,0.00457835000008799,0.00193165000014232,0.00723762000013721,414144,0.000626105408272619
5000,4,"Pigeon-Heyse",30,0.00368565000019316,0.00242576000009649,0.0044366300001684,1076448,0.000301980489924417
10000,4,"Pigeon-Heyse",30,0.0051309000002675,0.00351077000020724,0.00645714000008865,2147520,0.000227184813948512
20000,4,"Pigeon-Heyse",30,0.0073106000000962,0.00511572000007163,0.0118797000003042,4289664,0.000522056176872709
50000,4,"Pigeon-Heyse",10,0.011870700000145,0.0110845500003052,0.0147920000001023,10453952,0.000532311294764899
200,8,"Pigeon-Heyse",30,0.00269220000006954,0.00172253000021101,0.00390112000004593,52464,0.000230463510094176
500,8,"Pigeon-Heyse",30,0.00281740000025366,0.00173995000013747,0.00413873000018157,123840,0.00018608059079162
1000,8,"Pigeon-Heyse",30,0.0035913500001925,0.00176580000006652,0.00533312000027309,242032,0.000272760335762721
2000,8,"Pigeon-Heyse",30,0.00487820000012106,0.00181934000006549,0.00805941000000985,478416,0.000639586795424438
5000,8,"Pigeon-Heyse",30,0.00378245000024436,0.0023358800001688,0.0057952100000648,1236720,0.000247503629478451
10000,8,"Pigeon-Heyse",30,0.00540195000030508,0.00343007000017223,0.00866131000011592,2467792,0.000416882241271239
20000,8,"Pigeon-Heyse",30,0.00888875000009648,0.00534311000008074,0.0112836900001184,4929936,0.000646268568087047
50000,8,"Pigeon-Heyse",10,0.0123104000000467,0.0101087900001175,0.0231476100002282,12054224,0.00880630207235254
200,16,"Pigeon-Heyse",30,0.00281475000008413,0.00215764000029139,0.00418503000009877,66368,0.000208217765683279
500,16,"Pigeon-Heyse",30,0.00315480000017488,0.00198862000002009,0.00421286000016608,156944,0.00022465452766345
1000,16,"Pigeon-Heyse",30,0.00439875000017764,0.00187943000003088,0.00995393000007426,307136,0.00106668034837063
2000,16,"Pigeon-Heyse",30,0.00445440000021336,0.00191253000020879,0.00844861000020956,607520,0.000397764949172134
5000,16,"Pigeon-Heyse",30,0.00471390000029714,0.00334002000029159,0.00637792000011359,1557824,0.000332394921751698
10000,16,"Pigeon-Heyse",30,0.00632160000009207,0.00422249000016564,0.00900794000024235,3108896,0.000482128174917683
20000,16,"Pigeon-Heyse",30,0.00975835000008373,0.00671187000014015,0.0158191200001283,6211040,0.000784264853536373
50000,16,"Pigeon-Heyse",10,0.014921650000133,0.0117841800001542,0.0186673100000462,15255328,0.0010733435761567
200,32,"Pigeon-Heyse",30,0.00330585000017436,0.00210544000010486,0.00403245999993942,99424,0.000131772276316753
500,32,"Pigeon-Heyse",30,0.00352430000020832,0.00219406000019262,0.00490117000006194,228400,0.000300740305303708
1000,32,"Pigeon-Heyse",30,0.00499515000012707,0.0022939400001178,0.00802221000017198,442592,0.00056781044919082
2000,32,"Pigeon-Heyse",30,0.00534755000012411,0.00222383000002538,0.00899613000010504,870976,0.000419296089761305
5000,32,"Pigeon-Heyse",30,0.0054898000000776,0.00293528000008792,0.00825141000007079,2205280,0.000422260692871844
10000,32,"Pigeon-Heyse",30,0.00751000000025214,0.00391888000017389,0.0165655600001628,4396352,0.000830378495369522
20000,32,"Pigeon-Heyse",30,0.013506100000086,0.00696170000012444,0.0245020700001078,8778496,0.00121575021416044
50000,32,"Pigeon-Heyse",10,0.019681650000166,0.0156265999998368,0.0337427400001389,21662784,0.00232015138123722
200,4,"Pulkstenis-Robinson",30,0.00240560000008827,0.00203091000030326,0.00351319000017156,85160,0.00012911691734116
500,4,"Pulkstenis-Robinson",30,0.00259630000016386,0.001695250000148,0.00370599000004858,198248,0.000267263424570711
1000,4,"Pulkstenis-Robinson",30,0.00370820000011918,0.0020482300001504,0.00642760000032468,390824,0.000322834048683553
2000,4,"Pulkstenis-Robinson",30,0.00542565000012019,0.00269386000031773,0.00713025999998536,775976,0.000284218560050213
5000,4,"Pulkstenis-Robinson",30,0.00629635000018425,0.00478227000007792,0.00724899000026653,2078888,0.00019352487984491
10000,4,"Pulkstenis-Robinson",30,0.0104253500002187,0.00846514999998362,0.0136905600001228,4152104,0.000543120109509824
20000,4,"Pulkstenis-Robinson",30,0.0216443500002015,0.0146056000001636,0.0313918600002352,8298536,0.00380450674190464
50000,4,"Pulkstenis-Robinson",10,0.0329056000002765,0.0305266600001687,0.0402735400002485,19951392,0.00335906405750641
200,8,"Pulkstenis-Robinson",30,0.00297340000008717,0.00171679000020503,0.00764953000016248,110200,0.000665207310771543
500,8,"Pulkstenis-Robinson",30,0.00295264999999745,0.00199454000003243,0.00358875000019907,255480,0.000182874057442096
1000,8,"Pulkstenis-Robinson",30,0.00392395000017132,0.00231143000019074,0.00713462000010168,504440,0.000331292894842657
2000,8,"Pulkstenis-Robinson",30,0.00600720000011279,0.00355324000017845,0.00842847000010352,1002360,0.000377390703912067
5000,8,"Pulkstenis-Robinson",30,0.00759235000009539,0.00527046000013343,0.00886955000019042,2741880,0.000277048820070711
10000,8,"Pulkstenis-Robinson",30,0.0125371000000314,0.0094229700001506,0.0141931100001784,5477240,0.000484747171566183
20000,8,"Pulkstenis-Robinson",30,0.0226010000002361,0.0160107100000232,0.0326015100001541,10947960,0.00119814516190404
50000,8,"Pulkstenis-Robinson",10,0.0376039500000616,0.0348970300001156,0.0469164500000033,26049400,0.00183606993264237
200,16,"Pulkstenis-Robinson",30,0.00294550000023719,0.00231667000020934,0.00481235000024754,160840,0.000174318127955181
500,16,"Pulkstenis-Robinson",30,0.00342595000017809,0.00217091000010896,0.00406936000019869,370504,0.000135154593593668
1000,16,"Pulkstenis-Robinson",30,0.0044497000001229,0.00260423999998238,0.00731349000011506,732232,0.000513355245585251
2000,16,"Pulkstenis-Robinson",30,0.00720855000020038,0.00376229000014519,0.0109111800001528,1455688,0.000679224167804597
5000,16,"Pulkstenis-Robinson",30,0.00935240000012528,0.00623706000005768,0.011556770000243,4068424,0.000361141861403498
10000,16,"Pulkstenis-Robinson",30,0.0173582000001034,0.0105833900000562,0.0232134399999723,8128072,0.000836424051347954
20000,16,"Pulkstenis-Robinson",30,0.0298539000001483,0.0201602100002902,0.038024560000008,16247368,0.0013732780327691
50000,16,"Pulkstenis-Robinson",10,0.0515363000001798,0.0481158300000743,0.0615034999999807,38245952,0.00492709810613351
200,32,"Pulkstenis-Robinson",30,0.00383815000009236,0.00235456000009435,0.0056223500000442,267848,0.000253477220518069
500,32,"Pulkstenis-Robinson",30,0.00447040000017295,0.00287435000004734,0.00544595000019399,606280,0.000201376417259668
1000,32,"Pulkstenis-Robinson",30,0.00640640000005988,0.00339245999982722,0.00807620000000498,1193544,0.000476047056232748
2000,32,"Pulkstenis-Robinson",30,0.00984290000008059,0.00480100000017956,0.020475230000011,2368072,0.000865267452384469
5000,32,"Pulkstenis-Robinson",30,0.0140220500001078,0.00879771000020355,0.0177965300001461,6727240,0.000685969450190403
10000,32,"Pulkstenis-Robinson",30,0.023105950000172,0.0151754700002129,0.027871720000121,13435464,0.000889859895337949
20000,32,"Pulkstenis-Robinson",30,0.0372725500000115,0.0284608300001082,0.0559401800001524,26851908,0.00708739774054047
50000,32,"Pulkstenis-Robinson",10,0.0674489000000449,0.0626405800002431,0.0849566100001084,62644772,0.00274332102957367
200,4,"Stukel",30,0.00192985000023782,0.0015822200002276,0.00306452000008904,72184,0.000171198287565918
500,4,"Stukel",30,0.00187640000012835,0.0011924300003102,0.0027028700000983,176584,0.000106519734928254
1000,4,"Stukel",30,0.00261170000010225,0.00119507000024441,0.00411931000023742,350584,0.000519673231708978
2000,4,"Stukel",30,0.00333225000019866,0.00134230000014668,0.00446342000013829,698584,0.000292855741198036
5000,4,"Stukel",30,0.00270860000023277,0.00170292000020709,0.00365569000005052,1742584,0.000126288731797911
10000,4,"Stukel",30,0.00387230000012551,0.00290920000018105,0.00585889000017232,3482584,0.000351669621131605
20000,4,"Stukel",30,0.00737495000021227,0.00467800000014904,0.0156117100002348,6962584,0.000909917937744488
50000,4,"Stukel",10,0.0083946500002412,0.00708415000008245,0.0192097600001944,17402584,0.00321948967814721
200,8,"Stukel",30,0.00202690000014627,0.00168357000018204,0.002739040000165,91656,0.000101628405767555
500,8,"Stukel",30,0.00226825000015651,0.00150941000008515,0.00307268000021849,224856,0.000119221183966006
1000,8,"Stukel",30,0.00261325000008128,0.00126971000020148,0.00369854000014129,446856,0.000228836887317899
2000,8,"Stukel",30,0.00380574999996952,0.00165395000014996,0.00481797000018105,890856,0.000327045269904987
5000,8,"Stukel",30,0.00320475000012266,0.00200109000006705,0.00462893000005807,2222856,0.000250394355361116
10000,8,"Stukel",30,0.00464595000016743,0.00283796000014718,0.00800429000012173,4442856,0.000472156215506815
20000,8,"Stukel",30,0.00699815000018589,0.00444592000008015,0.0124271900000167,8882856,0.000545394812912555
50000,8,"Stukel",10,0.0110871499999803,0.00936216000020522,0.0206322000000454,22202856,0.00665356159847008
200,16,"Stukel",30,0.00251010000010865,0.00190926000016133,0.00371175000004769,131160,0.000139246706352028
500,16,"Stukel",30,0.00247665000017605,0.00145910000023833,0.00398179000026176,321960,0.000247887724068242
1000,16,"Stukel",30,0.00327825000010762,0.00166971000003287,0.00520298000024013,639960,0.000491501968663412
2000,16,"Stukel",30,0.00380170000016733,0.00162478000006558,0.00492053000014039,1275960,0.000428243919920719
5000,16,"Stukel",30,0.00426385000014306,0.00255336000022907,0.00544457000014517,3183960,0.000219666647569694
10000,16,"Stukel",30,0.00667420000024777,0.00395981000015127,0.00935060000008434,6363960,0.000559797080622977
20000,16,"Stukel",30,0.0102256000001262,0.00581709000014144,0.0191155499999923,12723960,0.000965153542663876
50000,16,"Stukel",10,0.0219998000001169,0.0142519000002039,0.0324425700001939,31803960,0.00275419277572076
200,32,"Stukel",30,0.00270005000004403,0.00178435000013905,0.0041477600001599,216328,0.000256343661970517
500,32,"Stukel",30,0.00287155000012263,0.00186380000020563,0.00377109999999447,522328,0.00014927841354246
1000,32,"Stukel",30,0.00511400000027606,0.00193205000005036,0.00755559000028825,1032328,0.000460411795644252
2000,32,"Stukel",30,0.00490215000013449,0.00238079000002927,0.00717375000015181,2052328,0.000341515274097533
5000,32,"Stukel",30,0.0062217000001965,0.00327648000022691,0.00913947000015015,5112328,0.000780151062775593
10000,32,"Stukel",30,0.00970795000012004,0.00581007000005229,0.0179774300000418,10212328,0.00091388317082303
20000,32,"Stukel",30,0.0203056500001821,0.0106980300000259,0.030986570000232,20412328,0.00138746265626977
50000,32,"Stukel",10,0.0393883500001948,0.0239638200000854,0.153986079999981,51012328,0.017830553146159
200,4,"Tsiatis",30,0.003442100000143,0.00272176000003128,0.00518157000010434,189216,0.000399328775023821
500,4,"Tsiatis",30,0.00387915000010253,0.00258473000010326,0.00605950000006033,424912,0.000380739107213241
1000,4,"Tsiatis",30,0.00592620000020361,0.00335436000023037,0.00725267000018448,819104,0.000375659562848113
2000,4,"Tsiatis",30,0.00882000000024163,0.0044003500001736,0.0111717900002077,1607488,0.000453506947251875
5000,4,"Tsiatis",30,0.0152169000002686,0.0103812500000913,0.0195471100001896,4021792,0.000639090170608185
10000,4,"Tsiatis",30,0.0300017500001104,0.0199839899999915,0.0447210700001051,8012864,0.00167516926148029
20000,4,"Tsiatis",30,0.0687583500000528,0.0495633000000908,0.0900853200001848,15995008,0.00332085525342511
50000,4,"Tsiatis",10,0.178541850000101,0.147684710000112,0.218666640000061,39679296,0.00966025107071083
200,8,"Tsiatis",30,0.00387380000006487,0.00303176000013536,0.00863982000016676,245104,0.000448722496935693
500,8,"Tsiatis",30,0.00473785000019688,0.002994930000159,0.0120981700001948,548000,0.000656750150014712
1000,8,"Tsiatis",30,0.00814710000008745,0.00445404000026883,0.0126320899999882,1054192,0.000558155476508453
2000,8,"Tsiatis",30,0.0125378500000579,0.00808691000013368,0.0188252900001771,2066576,0.00089371463049598
5000,8,"Tsiatis",30,0.0273689000000558,0.0224010300001055,0.0350290000001678,5152880,0.000956573845959075
10000,8,"Tsiatis",30,0.0710843000001659,0.0487795600000482,0.0944354600001361,10263952,0.00342424085877286
20000,8,"Tsiatis",30,0.170069050000166,0.135409490000188,0.20528303000026,20486096,0.0075303882867147
50000,8,"Tsiatis",10,0.43585765000023,0.281543310000189,0.47918753000024,50890384,0.0257662121557883
200,16,"Tsiatis",30,0.00459400000011101,0.00312806000029013,0.00735898000016277,362176,0.000305190469201529
500,16,"Tsiatis",30,0.00567930000022443,0.00394617000015387,0.00752612000019326,799472,0.000402646775938911
1000,16,"Tsiatis",30,0.0109532000001309,0.00626233000002685,0.0164893100002473,1529664,0.000805402382412552
2000,16,"Tsiatis",30,0.0177642000002151,0.0113992900002131,0.0261308300000564,2990048,0.00120713736788849
5000,16,"Tsiatis",30,0.0479094500001338,0.0315374000001385,0.0593830400002844,7420352,0.00177549589471792
10000,16,"Tsiatis",30,0.131596950000017,0.0855824200001962,0.154000640000049,14771424,0.00435210037372839
20000,16,"Tsiatis",30,0.310221450000199,0.179116970000336,0.380433050000283,29473568,0.0146077935453788
50000,16,"Tsiatis",10,0.759191650000161,0.506534079999983,0.8000616300003,73317856,0.0618599577524784
200,32,"Tsiatis",30,0.00565190000008897,0.00400823000006767,0.0067938300001515,652728,0.000219175219458951
500,32,"Tsiatis",30,0.0079144000001179,0.00591104000016003,0.0100377800001752,1358824,0.000281063639887767
1000,32,"Tsiatis",30,0.0153715000001284,0.00997250000025356,0.0235671600001979,2537016,0.00106472097589247
2000,32,"Tsiatis",30,0.0322113500000114,0.0180860700001404,0.0387992100001384,4893400,0.00149818684601019
5000,32,"Tsiatis",30,0.0951320500001885,0.0670929900001056,0.132599640000081,12011704,0.00602409553556792
10000,32,"Tsiatis",30,0.276690850000136,0.180359620000195,0.312436380000145,23842776,0.0103650854142122
20000,32,"Tsiatis",30,0.827682550000191,0.311985160000063,1.21104397000017,47504920,0.0706097473632362
50000,32,"Tsiatis",10,1.04951985000014,0.548021030000245,2.21850483000021,118229208,0.210073398623624
200,4,"Xie",30,0.007807350000121,0.00686038000014832,0.0094313300001886,417192,0.000249364849656333
500,4,"Xie",30,0.0168147000001681,0.0116830700001629,0.0233170200002405,982632,0.000856659058166267
1000,4,"Xie",30,0.0394129000000021,0.0271858800001382,0.0518776800003252,1922832,0.00182446935055493
2000,4,"Xie",30,0.0869323000001714,0.0570573600001126,0.117859590000216,3803216,0.00428720715968531
5000,4,"Xie",30,0.228146700000252,0.185691990000191,0.247648740000068,9493512,0.0044589184429761
10000,4,"Xie",30,0.57616320000011,0.435637230000043,0.642400110000245,18944584,0.0141542184829341
20000,4,"Xie",30,1.46778955000002,1.16090805000001,1.54916091000013,37846732,0.030830137955011
50000,4,"Xie",10,3.28932065000015,3.02015439000011,3.5464911200002,94291016,0.0766702344551204
200,8,"Xie",30,0.0135401500000398,0.00985766000003423,0.0173396700002286,649896,0.000644882064638545
500,8,"Xie",30,0.0293689000001223,0.0223312699999951,0.0363595900001201,1533064,0.000976821402899694
1000,8,"Xie",30,0.0716676000000689,0.0507982100000163,0.0967442900001742,3001424,0.0032704153903995
2000,8,"Xie",30,0.175010550000252,0.135308820000159,0.209324840000067,5937808,0.00508944932055131
5000,8,"Xie",30,0.617836400000102,0.485961630000088,0.663800210000159,14796112,0.0126889012970999
10000,8,"Xie",30,1.58636890000014,1.28594606000006,1.66016161000018,29527184,0.028005589156177
20000,8,"Xie",30,3.87899280000011,3.17157983000034,4.11856105000022,58989328,0.0662776481561386
50000,8,"Xie",10,9.01386075000005,8.58168999000023,9.35566051000017,147113616,0.129799629530164
200,16,"Xie",30,0.0216854500000636,0.0175646399997959,0.0247308900000234,1191240,0.000530163912685952
500,16,"Xie",30,0.0601672000001372,0.0459840300000906,0.0694243000000369,2708884,0.00177226484955714
1000,16,"Xie",30,0.148424299999988,0.111915860000113,0.169698600000129,5236048,0.004486980608159
2000,16,"Xie",30,0.388652350000029,0.291469050000228,0.438857800000278,10284432,0.0105960450499835
5000,16,"Xie",30,1.33688340000015,1.04735742000011,1.37335618000027,25478736,0.0240951621495193
10000,16,"Xie",30,3.36127950000025,2.59654390000012,3.50096310000024,50769808,0.0651817584809316
20000,16,"Xie",30,7.91885954999998,5.96317875000015,8.14033293000009,101351952,0.161990267046808
50000,16,"Xie",10,14.4484188000001,13.5872603200002,14.7937650300003,252836240,0.188683524300203
200,32,"Xie",30,0.0430315000000974,0.0335679700001037,0.0481280500002412,2577424,0.00102709510807968
500,32,"Xie",30,0.14208565000024,0.107878580000192,0.155831890000286,5532696,0.00332052751993984
1000,32,"Xie",30,0.378658950000158,0.275904440000067,0.404599480000206,10472720,0.0102871992444184
2000,32,"Xie",30,0.981006550000075,0.689911630000165,1.04079078000012,20341748,0.0268743257493751
5000,32,"Xie",30,3.12017615000013,2.35186776000007,3.17391902000011,49984056,0.0602046101814192
10000,32,"Xie",30,7.82407165000018,5.56308849000004,7.95876127000018,99355128,0.18300398979697
20000,32,"Xie",30,24.4730831500002,12.6697744299999,25.2970331100002,198097272,0.945028023782363
50000,32,"Xie",10,29.3097284000001,27.0424788900002,30.2918085300003,494061556,0.428150134490693
