"spectrum","min_over_max","k_df","S","p_imhof","p_satter","abs_delta_p","tail"
"poly2_typical",0.62,2,1.09857139499265,0.501229488876679,0.5,0.00122948887667906,FALSE
"poly2_typical",0.62,2,2.61826648342709,0.19706426191024,0.2,0.00293573808975975,FALSE
"poly2_typical",0.62,2,3.77967901189836,0.0981058408905811,0.0999999999999999,0.00189415910941883,FALSE
"poly2_typical",0.62,2,4.94608099730486,0.0493144949929701,0.0500000000000001,0.000685505007029921,TRUE
"poly2_typical",0.62,2,6.49270166125844,0.0201553947702792,0.02,0.000155394770279153,TRUE
"poly2_typical",0.62,2,7.66509725538484,0.0103474782182578,0.01,0.000347478218257752,TRUE
"poly2_typical",0.62,2,8.83899982133696,0.00533862140595809,0.005,0.000338621405958087,TRUE
"poly2_typical",0.62,2,10.392576355029,0.00226239453484361,0.002,0.00026239453484361,TRUE
"poly2_typical",0.62,2,11.5688593666878,0.00118849368780533,0.001,0.000188493687805325,TRUE
"poly2_typical",0.62,2,12.7458697668107,0.000625631459307885,0.000499999999999945,0.00012563145930794,TRUE
"poly2_typical",0.62,2,15.4810075673904,0.000147675385027635,9.99999999999891e-05,4.76753850276456e-05,TRUE
"poly3_typical",0.28,3,1.35864171700052,0.498839129638297,0.5,0.00116087036170337,FALSE
"poly3_typical",0.28,3,2.89470144780387,0.190805809588927,0.2,0.00919419041107286,FALSE
"poly3_typical",0.28,3,4.01786951266195,0.0954617494871293,0.1,0.00453825051287075,FALSE
"poly3_typical",0.28,3,5.12479503286878,0.0490162698394155,0.05,0.000983730160584506,TRUE
"poly3_typical",0.28,3,6.57269829282826,0.0209545355773766,0.02,0.000954535577376642,TRUE
"poly3_typical",0.28,3,7.66008778405609,0.0112244803276959,0.01,0.00122448032769584,TRUE
"poly3_typical",0.28,3,8.74254167378115,0.00608859452241084,0.00500000000000001,0.00108859452241083,TRUE
"poly3_typical",0.28,3,10.1676783542719,0.00275426599832584,0.002,0.000754265998325841,TRUE
"poly3_typical",0.28,3,11.242298034326,0.00152568254455526,0.001,0.000525682544555261,TRUE
"poly3_typical",0.28,3,12.3145116390981,0.000858476349264004,0.000499999999999946,0.000358476349264058,TRUE
"poly3_typical",0.28,3,14.796796171853,0.000223300057440479,9.9999999999989e-05,0.00012330005744049,TRUE
"stukel_typical",0.12,3,1.11207469597221,0.497770522908128,0.5,0.00222947709187188,FALSE
"stukel_typical",0.12,3,2.55416248028114,0.189411626304503,0.2,0.0105883736954965,FALSE
"stukel_typical",0.12,3,3.64040122421605,0.0950108057248459,0.1,0.00498919427515412,FALSE
"stukel_typical",0.12,3,4.72467791520794,0.0489713926427028,0.05,0.00102860735729723,TRUE
"stukel_typical",0.12,3,6.15615705535787,0.0210425937296518,0.02,0.00104259372965175,TRUE
"stukel_typical",0.12,3,7.23807583373617,0.0113057315829806,0.01,0.00130573158298065,TRUE
"stukel_typical",0.12,3,8.31940082393621,0.00614439795337862,0.00500000000000001,0.00114439795337861,TRUE
"stukel_typical",0.12,3,9.74813976627631,0.00278122195077185,0.002,0.000781221950771849,TRUE
"stukel_typical",0.12,3,10.8285253158683,0.00153869519941957,0.001,0.000538695199419569,TRUE
"stukel_typical",0.12,3,11.9086233297724,0.000855837772331003,0.000499999999999945,0.000355837772331058,TRUE
"stukel_typical",0.12,3,14.4156608675778,0.000222589985285404,9.99999999999891e-05,0.000122589985285415,TRUE
"near_zero_1",0.004,3,0.906470983319704,0.502860106130348,0.5,0.00286010613034793,FALSE
"near_zero_1",0.004,3,2.28639767171593,0.191755938561,0.2,0.00824406143900006,FALSE
"near_zero_1",0.004,3,3.36450657757631,0.0954405965810501,0.1,0.00455940341894981,FALSE
"near_zero_1",0.004,3,4.45715725196452,0.0487254560201545,0.0499999999999999,0.00127454397984544,TRUE
"near_zero_1",0.004,3,5.91532094703195,0.0206204216890749,0.02,0.000620421689074831,TRUE
"near_zero_1",0.004,3,7.02542900581644,0.0109257930291421,0.01,0.000925793029142068,TRUE
"near_zero_1",0.004,3,8.13991584493894,0.00584313771775408,0.00500000000000001,0.000843137717754071,TRUE
"near_zero_1",0.004,3,9.61829793397035,0.00258129732826584,0.002,0.000581297328265838,TRUE
"near_zero_1",0.004,3,10.7396852325755,0.00139995568420093,0.001,0.000399955684200926,TRUE
"near_zero_1",0.004,3,11.863175921977,0.000761923488623473,0.000499999999999946,0.000261923488623526,TRUE
"near_zero_1",0.004,3,14.4782034510607,0.000187750427777744,9.9999999999989e-05,8.77504277777552e-05,TRUE
"near_zero_2",0.008,2,0.465015071023736,0.499071845476538,0.5,0.000928154523462343,FALSE
"near_zero_2",0.008,2,1.65660021455855,0.199153293020945,0.2,0.00084670697905509,FALSE
"near_zero_2",0.008,2,2.7181922842019,0.0997156057526045,0.1,0.000284394247395472,FALSE
"near_zero_2",0.008,2,3.85034084333859,0.0499753845989802,0.0500000000000001,2.46154010199798e-05,TRUE
"near_zero_2",0.008,2,5.41372186331226,0.020072122006291,0.02,7.21220062909929e-05,TRUE
"near_zero_2",0.008,2,6.63034031335405,0.0100717949151922,0.01,7.17949151921374e-05,TRUE
"near_zero_2",0.008,2,7.86786122863179,0.0050520952923544,0.00500000000000002,5.20952923543806e-05,TRUE
"near_zero_2",0.008,2,9.52794796250265,0.00203295478882926,0.002,3.29547888292532e-05,TRUE
"near_zero_2",0.008,2,10.7979812896757,0.00102541950175961,0.001,2.54195017596057e-05,TRUE
"near_zero_2",0.008,2,12.0777941425165,0.000494827406712861,0.000499999999999946,5.17259328708484e-06,TRUE
"near_zero_2",0.008,2,15.0787378030882,0.000100074953614693,9.99999999999889e-05,7.49536147038579e-08,TRUE
"well_conditioned",0.8,3,2.12496723950595,0.499955990356629,0.500000000000001,4.40096433712012e-05,FALSE
"well_conditioned",0.8,3,4.18120842479772,0.199538965861164,0.2,0.000461034138836303,FALSE
"well_conditioned",0.8,3,5.63750840000035,0.0997389181294731,0.1,0.000261081870526883,FALSE
"well_conditioned",0.8,3,7.05257888962266,0.0499269654468574,0.05,7.30345531426424e-05,TRUE
"well_conditioned",0.8,3,8.88417442097656,0.0200474979833495,0.02,4.74979833494579e-05,TRUE
"well_conditioned",0.8,3,10.2496147496007,0.0100706062578424,0.01,7.06062578423993e-05,TRUE
"well_conditioned",0.8,3,11.602473951951,0.00506647210246014,0.005,6.64721024601382e-05,TRUE
"well_conditioned",0.8,3,13.3760626018928,0.00204774920511702,0.002,4.77492051170207e-05,TRUE
"well_conditioned",0.8,3,14.7088814134654,0.00103376429972035,0.001,3.37642997203526e-05,TRUE
"well_conditioned",0.8,3,16.0355221256138,0.00052241833724459,0.000499999999999945,2.2418337244645e-05,TRUE
"well_conditioned",0.8,3,19.0970425875601,0.000107647779375775,9.99999999999891e-05,7.64777937578556e-06,TRUE
"one_df",1,1,0.454936423119573,0.499988746155936,0.5,1.12538440636967e-05,FALSE
"one_df",1,1,1.64237441514982,0.200017064900359,0.2,1.70649003588541e-05,FALSE
"one_df",1,1,2.70554345409542,0.0999852104111633,0.1,1.47895888368416e-05,FALSE
"one_df",1,1,3.84145882069412,0.0500043073596385,0.05,4.30735963848072e-06,TRUE
"one_df",1,1,5.41189443105434,0.0199731443498893,0.02,2.68556501106694e-05,TRUE
"one_df",1,1,6.63489660102121,0.00999245389333975,0.01,7.546106660275e-06,TRUE
"one_df",1,1,7.87943857662241,0.00500984496499335,0.005,9.84496499335189e-06,TRUE
"one_df",1,1,9.54953570608324,0.00224960255984391,0.002,0.000249602559843908,TRUE
"one_df",1,1,10.8275661706627,0.00103403967035515,0.001,3.40396703551453e-05,TRUE
"one_df",1,1,12.1156651463974,0.000554727377879038,0.000499999999999944,5.4727377879095e-05,TRUE
"one_df",1,1,15.1367052266236,5.48563570436089e-05,9.99999999999892e-05,4.51436429563803e-05,TRUE
