"cell","a","b","n","pow_a","pow_b","diff","discordant","p","lo","hi","verdict"
"cloglog n=500 G=33 (m=15)","EDGE.poly3","GiViTI",2000,0.419,0.539,-0.12,436,5.77440568036098e-32,-0.136719566630376,-0.10163193257736,"B better"
"cloglog n=500 G=33 (m=15)","EDGE.poly3","Stukel",2000,0.419,0.5095,-0.0905,205,3.43276910617774e-43,-0.0962251127773538,-0.0819961968221226,"B better"
"cloglog n=500 G=33 (m=15)","EDGE.stk","GiViTI",2000,0.3185,0.539,-0.2205,511,5.89858949550736e-100,-0.230885986394888,-0.207479894428999,"B better"
"cloglog n=500 G=33 (m=15)","EDGE.stk","Stukel",2000,0.3185,0.5095,-0.191,424,8.61225940618057e-93,-0.19889132362872,-0.180320771280748,"B better"
"cloglog n=500 G=20 (m=25)","EDGE.poly3","GiViTI",2000,0.3685,0.5315,-0.163,466,2.76580095725148e-56,-0.177541640691695,-0.146353081114444,"B better"
"cloglog n=500 G=20 (m=25)","EDGE.poly3","Stukel",2000,0.3685,0.4725,-0.104,244,5.92922818416728e-47,-0.111189618686104,-0.0941633104704819,"B better"
"cloglog n=500 G=20 (m=25)","EDGE.stk","GiViTI",2000,0.251,0.5315,-0.2805,589,6.00645422461855e-150,-0.286811009490223,-0.271199639347734,"B better"
"cloglog n=500 G=20 (m=25)","EDGE.stk","Stukel",2000,0.251,0.4725,-0.2215,467,1.04991622732626e-117,-0.227267235541401,-0.212739454456272,"B better"
"cloglog n=500 G=10 (m=50)","EDGE.poly3","GiViTI",2000,0.371,0.53,-0.159,488,1.54240033661753e-50,-0.174915912638983,-0.14112905594336,"B better"
"cloglog n=500 G=10 (m=50)","EDGE.poly3","Stukel",2000,0.371,0.4915,-0.1205,329,2.28354173033149e-44,-0.131967234047038,-0.106809270164037,"B better"
"cloglog n=500 G=10 (m=50)","EDGE.stk","GiViTI",2000,0.2935,0.53,-0.2365,587,4.26204086663978e-97,-0.249840925564694,-0.220725273661611,"B better"
"cloglog n=500 G=10 (m=50)","EDGE.stk","Stukel",2000,0.2935,0.4915,-0.198,456,9.65290776337071e-91,-0.207559993202617,-0.1857794043152,"B better"
"cloglog n=500 G=5 (m=100)","EDGE.poly3","GiViTI",2000,0.327,0.552,-0.225,658,4.56354422696316e-75,-0.242797583558614,-0.205157090317035,"B better"
"cloglog n=500 G=5 (m=100)","EDGE.poly3","Stukel",2000,0.327,0.5005,-0.1735,483,8.78484879063301e-62,-0.187880775989666,-0.156956182237436,"B better"
"cloglog n=500 G=5 (m=100)","EDGE.stk","GiViTI",2000,0.319,0.552,-0.233,690,1.57406532904758e-76,-0.251455081963397,-0.212527202692987,"B better"
"cloglog n=500 G=5 (m=100)","EDGE.stk","Stukel",2000,0.319,0.5005,-0.1815,521,3.31136613461947e-62,-0.196978013910163,-0.163929438867044,"B better"
"cloglog n=500 G=4 (m=125)","EDGE.poly3","GiViTI",2000,0.2725,0.549,-0.2765,729,1.54215945331466e-104,-0.293093813799964,-0.257632150869559,"B better"
"cloglog n=500 G=4 (m=125)","EDGE.poly3","Stukel",2000,0.2725,0.5095,-0.237,602,2.61872961403236e-94,-0.251130061080693,-0.22049687436524,"B better"
"cloglog n=500 G=4 (m=125)","EDGE.stk","GiViTI",2000,0.371,0.549,-0.178,666,2.90630315944537e-45,-0.199045895395666,-0.15536308557261,"B better"
"cloglog n=500 G=4 (m=125)","EDGE.stk","Stukel",2000,0.371,0.5095,-0.1385,537,3.1336631687909e-34,-0.157647467223635,-0.117813573705404,"B better"
"cloglog n=1000 G=67 (m=15)","EDGE.poly3","GiViTI",2000,0.847,0.885,-0.038,244,1.30596672928806e-06,-0.0525045149660323,-0.0225593045990033,"B better"
"cloglog n=1000 G=67 (m=15)","EDGE.poly3","Stukel",2000,0.847,0.8925,-0.0455,95,2.30271653677633e-25,-0.0472568172913241,-0.0404712779942614,"B better"
"cloglog n=1000 G=67 (m=15)","EDGE.stk","GiViTI",2000,0.799,0.885,-0.086,312,2.48309009868242e-23,-0.100064716835266,-0.0702756949350273,"B better"
"cloglog n=1000 G=67 (m=15)","EDGE.stk","Stukel",2000,0.799,0.8925,-0.0934999999999999,195,2.37551893032712e-51,-0.0964047511138235,-0.0874213270675287,"B better"
"cloglog n=1000 G=40 (m=25)","EDGE.poly3","GiViTI",2000,0.8265,0.8855,-0.0589999999999999,278,1.03473184548918e-12,-0.0735948131055608,-0.0431293827933726,"B better"
"cloglog n=1000 G=40 (m=25)","EDGE.poly3","Stukel",2000,0.8265,0.8695,-0.043,94,3.21906847144262e-22,-0.0458988628787727,-0.0370941956068561,"B better"
"cloglog n=1000 G=40 (m=25)","EDGE.stk","GiViTI",2000,0.7585,0.8855,-0.127,368,1.84788914018479e-43,-0.140033987543256,-0.111881346749281,"B better"
"cloglog n=1000 G=40 (m=25)","EDGE.stk","Stukel",2000,0.7585,0.8695,-0.111,242,4.6482318845849e-56,-0.116162247409596,-0.102927824414279,"B better"
"cloglog n=1000 G=20 (m=50)","EDGE.poly3","GiViTI",2000,0.775,0.8735,-0.0985,309,4.66553055857837e-31,-0.111270880869134,-0.0838028759691223,"B better"
"cloglog n=1000 G=20 (m=50)","EDGE.poly3","Stukel",2000,0.775,0.849,-0.074,164,9.83079880193248e-37,-0.078508064761246,-0.0666082171776398,"B better"
"cloglog n=1000 G=20 (m=50)","EDGE.stk","GiViTI",2000,0.737,0.8735,-0.1365,357,7.39322883980971e-53,-0.147755557822131,-0.122920846062987,"B better"
"cloglog n=1000 G=20 (m=50)","EDGE.stk","Stukel",2000,0.737,0.849,-0.112,248,4.01537496753682e-55,-0.117738251819201,-0.10341686856032,"B better"
"cloglog n=1000 G=10 (m=100)","EDGE.poly3","GiViTI",2000,0.7345,0.854,-0.1195,389,7.11294443253998e-36,-0.134290637857691,-0.102862192386307,"B better"
"cloglog n=1000 G=10 (m=100)","EDGE.poly3","Stukel",2000,0.7345,0.8315,-0.097,230,3.23964653808949e-43,-0.104180677671459,-0.0872006511003231,"B better"
"cloglog n=1000 G=10 (m=100)","EDGE.stk","GiViTI",2000,0.7395,0.854,-0.1145,389,7.48335161678328e-33,-0.129701603152982,-0.0975302057700802,"B better"
"cloglog n=1000 G=10 (m=100)","EDGE.stk","Stukel",2000,0.7395,0.8315,-0.092,266,6.26119935492013e-32,-0.102958820005347,-0.0789387375651178,"B better"
"cloglog n=1000 G=5 (m=200)","EDGE.poly3","GiViTI",2000,0.6725,0.853,-0.1805,475,6.57768626422399e-69,-0.193720898594008,-0.164983672007017,"B better"
"cloglog n=1000 G=5 (m=200)","EDGE.poly3","Stukel",2000,0.6725,0.835,-0.1625,397,1.29622401290118e-68,-0.172964921361999,-0.149538702033924,"B better"
"cloglog n=1000 G=5 (m=200)","EDGE.stk","GiViTI",2000,0.7195,0.853,-0.1335,449,1.70103654350924e-38,-0.149768753027339,-0.115448729139222,"B better"
"cloglog n=1000 G=5 (m=200)","EDGE.stk","Stukel",2000,0.7195,0.835,-0.1155,375,8.05646368625859e-35,-0.129986374800597,-0.0991604052897146,"B better"
"cloglog n=2000 G=133 (m=15)","EDGE.poly3","GiViTI",2000,0.99,0.9905,-0.000500000000000056,29,1,-0.00595991809439661,0.00506586510551777,"not significant"
"cloglog n=2000 G=133 (m=15)","EDGE.poly3","Stukel",2000,0.99,0.9955,-0.00550000000000006,11,0.0009765625,-0.0055,-0.0023659443179003,"B better"
"cloglog n=2000 G=133 (m=15)","EDGE.stk","GiViTI",2000,0.992,0.9905,0.00149999999999995,25,0.690037965774536,-0.00376795915021661,0.0063994083713198,"not significant"
"cloglog n=2000 G=133 (m=15)","EDGE.stk","Stukel",2000,0.992,0.9955,-0.00350000000000006,11,0.0654296875,-0.00524885681870044,0.000195314375961899,"not significant"
"cloglog n=2000 G=80 (m=25)","EDGE.poly3","GiViTI",2000,0.985,0.9915,-0.00650000000000006,31,0.0294493734836578,-0.0110909155979767,-0.000608819594903812,"B better"
"cloglog n=2000 G=80 (m=25)","EDGE.poly3","Stukel",2000,0.985,0.992,-0.00700000000000001,14,0.0001220703125,-0.007,-0.00375709933689837,"B better"
"cloglog n=2000 G=80 (m=25)","EDGE.stk","GiViTI",2000,0.983,0.9915,-0.00850000000000006,35,0.00598812056705358,-0.0131287109829133,-0.00236044026070867,"B better"
"cloglog n=2000 G=80 (m=25)","EDGE.stk","Stukel",2000,0.983,0.992,-0.00900000000000001,24,0.000277161598205566,-0.01136257644033,-0.00423332740346801,"B better"
"cloglog n=2000 G=40 (m=50)","EDGE.poly3","GiViTI",2000,0.9895,0.9955,-0.00600000000000001,18,0.00753784179687501,-0.00835586850381165,-0.00154480515489407,"B better"
"cloglog n=2000 G=40 (m=50)","EDGE.poly3","Stukel",2000,0.9895,0.9965,-0.00700000000000001,14,0.0001220703125,-0.007,-0.00375709933689837,"B better"
"cloglog n=2000 G=40 (m=50)","EDGE.stk","GiViTI",2000,0.9925,0.9955,-0.003,18,0.237884521484375,-0.00659830675488978,0.00162134571290266,"not significant"
"cloglog n=2000 G=40 (m=50)","EDGE.stk","Stukel",2000,0.9925,0.9965,-0.004,12,0.03857421875,-0.00574964969447889,-0.000190347015768396,"B better"
"cloglog n=2000 G=20 (m=100)","EDGE.poly3","GiViTI",2000,0.9925,0.9935,-0.001,18,0.814529418945313,-0.0051245728670286,0.00346371013802239,"not significant"
"cloglog n=2000 G=20 (m=100)","EDGE.poly3","Stukel",2000,0.9925,0.995,-0.00249999999999995,7,0.125,-0.0034747279219667,0.000551062379302367,"not significant"
"cloglog n=2000 G=20 (m=100)","EDGE.stk","GiViTI",2000,0.993,0.9935,-0.000500000000000056,19,1,-0.00485498090014227,0.00401577828957702,"not significant"
"cloglog n=2000 G=20 (m=100)","EDGE.stk","Stukel",2000,0.993,0.995,-0.002,8,0.2890625,-0.00374516779000045,0.00120684635530259,"not significant"
"cloglog n=2000 G=10 (m=200)","EDGE.poly3","GiViTI",2000,0.981,0.994,-0.013,40,4.22770226577997e-05,-0.0170646908259166,-0.00688839466553656,"B better"
"cloglog n=2000 G=10 (m=200)","EDGE.poly3","Stukel",2000,0.981,0.9975,-0.0165000000000001,33,2.3283064365387e-10,-0.0165,-0.0130098272675389,"B better"
"cloglog n=2000 G=10 (m=200)","EDGE.stk","GiViTI",2000,0.986,0.994,-0.00800000000000001,36,0.0113309841835872,-0.0128879118985175,-0.0017329987775578,"B better"
"cloglog n=2000 G=10 (m=200)","EDGE.stk","Stukel",2000,0.986,0.9975,-0.0115000000000001,27,5.64754009246827e-06,-0.0132542980305577,-0.00694174463516807,"B better"
"cloglog n=5000 G=333 (m=15)","EDGE.poly3","GiViTI",2000,1,1,0,0,NA,NA,NA,"no discordant pairs"
"cloglog n=5000 G=333 (m=15)","EDGE.poly3","Stukel",2000,1,1,0,0,NA,NA,NA,"no discordant pairs"
"cloglog n=5000 G=333 (m=15)","EDGE.stk","GiViTI",2000,1,1,0,0,NA,NA,NA,"no discordant pairs"
"cloglog n=5000 G=333 (m=15)","EDGE.stk","Stukel",2000,1,1,0,0,NA,NA,NA,"no discordant pairs"
"cloglog n=5000 G=200 (m=25)","EDGE.poly3","GiViTI",2000,1,1,0,0,NA,NA,NA,"no discordant pairs"
"cloglog n=5000 G=200 (m=25)","EDGE.poly3","Stukel",2000,1,1,0,0,NA,NA,NA,"no discordant pairs"
"cloglog n=5000 G=200 (m=25)","EDGE.stk","GiViTI",2000,1,1,0,0,NA,NA,NA,"no discordant pairs"
"cloglog n=5000 G=200 (m=25)","EDGE.stk","Stukel",2000,1,1,0,0,NA,NA,NA,"no discordant pairs"
"cloglog n=5000 G=100 (m=50)","EDGE.poly3","GiViTI",2000,1,1,0,0,NA,NA,NA,"no discordant pairs"
"cloglog n=5000 G=100 (m=50)","EDGE.poly3","Stukel",2000,1,1,0,0,NA,NA,NA,"no discordant pairs"
"cloglog n=5000 G=100 (m=50)","EDGE.stk","GiViTI",2000,1,1,0,0,NA,NA,NA,"no discordant pairs"
"cloglog n=5000 G=100 (m=50)","EDGE.stk","Stukel",2000,1,1,0,0,NA,NA,NA,"no discordant pairs"
"cloglog n=5000 G=50 (m=100)","EDGE.poly3","GiViTI",2000,1,1,0,0,NA,NA,NA,"no discordant pairs"
"cloglog n=5000 G=50 (m=100)","EDGE.poly3","Stukel",2000,1,1,0,0,NA,NA,NA,"no discordant pairs"
"cloglog n=5000 G=50 (m=100)","EDGE.stk","GiViTI",2000,1,1,0,0,NA,NA,NA,"no discordant pairs"
"cloglog n=5000 G=50 (m=100)","EDGE.stk","Stukel",2000,1,1,0,0,NA,NA,NA,"no discordant pairs"
"cloglog n=5000 G=25 (m=200)","EDGE.poly3","GiViTI",2000,1,1,0,0,NA,NA,NA,"no discordant pairs"
"cloglog n=5000 G=25 (m=200)","EDGE.poly3","Stukel",2000,1,1,0,0,NA,NA,NA,"no discordant pairs"
"cloglog n=5000 G=25 (m=200)","EDGE.stk","GiViTI",2000,1,1,0,0,NA,NA,NA,"no discordant pairs"
"cloglog n=5000 G=25 (m=200)","EDGE.stk","Stukel",2000,1,1,0,0,NA,NA,NA,"no discordant pairs"
"cloglog n=20000 G=400 (m=50)","EDGE.poly3","GiViTI",2400,1,1,0,0,NA,NA,NA,"no discordant pairs"
"cloglog n=20000 G=400 (m=50)","EDGE.poly3","Stukel",2400,1,1,0,0,NA,NA,NA,"no discordant pairs"
"cloglog n=20000 G=400 (m=50)","EDGE.stk","GiViTI",2400,1,1,0,0,NA,NA,NA,"no discordant pairs"
"cloglog n=20000 G=400 (m=50)","EDGE.stk","Stukel",2400,1,1,0,0,NA,NA,NA,"no discordant pairs"
"cloglog n=20000 G=400 (m=50)","EDGE.poly3","GiViTI",2400,1,1,0,0,NA,NA,NA,"no discordant pairs"
"cloglog n=20000 G=400 (m=50)","EDGE.poly3","Stukel",2400,1,1,0,0,NA,NA,NA,"no discordant pairs"
"cloglog n=20000 G=400 (m=50)","EDGE.stk","GiViTI",2400,1,1,0,0,NA,NA,NA,"no discordant pairs"
"cloglog n=20000 G=400 (m=50)","EDGE.stk","Stukel",2400,1,1,0,0,NA,NA,NA,"no discordant pairs"
"cloglog n=20000 G=400 (m=50)","EDGE.poly3","GiViTI",2400,1,1,0,0,NA,NA,NA,"no discordant pairs"
"cloglog n=20000 G=400 (m=50)","EDGE.poly3","Stukel",2400,1,1,0,0,NA,NA,NA,"no discordant pairs"
"cloglog n=20000 G=400 (m=50)","EDGE.stk","GiViTI",2400,1,1,0,0,NA,NA,NA,"no discordant pairs"
"cloglog n=20000 G=400 (m=50)","EDGE.stk","Stukel",2400,1,1,0,0,NA,NA,NA,"no discordant pairs"
"cloglog n=20000 G=200 (m=100)","EDGE.poly3","GiViTI",800,1,1,0,0,NA,NA,NA,"no discordant pairs"
"cloglog n=20000 G=200 (m=100)","EDGE.poly3","Stukel",800,1,1,0,0,NA,NA,NA,"no discordant pairs"
"cloglog n=20000 G=200 (m=100)","EDGE.stk","GiViTI",800,1,1,0,0,NA,NA,NA,"no discordant pairs"
"cloglog n=20000 G=200 (m=100)","EDGE.stk","Stukel",800,1,1,0,0,NA,NA,NA,"no discordant pairs"
"cloglog n=20000 G=100 (m=200)","EDGE.poly3","GiViTI",800,1,1,0,0,NA,NA,NA,"no discordant pairs"
"cloglog n=20000 G=100 (m=200)","EDGE.poly3","Stukel",800,1,1,0,0,NA,NA,NA,"no discordant pairs"
"cloglog n=20000 G=100 (m=200)","EDGE.stk","GiViTI",800,1,1,0,0,NA,NA,NA,"no discordant pairs"
"cloglog n=20000 G=100 (m=200)","EDGE.stk","Stukel",800,1,1,0,0,NA,NA,NA,"no discordant pairs"
"probit n=500 G=33 (m=15)","EDGE.poly3","GiViTI",2000,0.053,0.041,0.012,110,0.0278508881256622,0.00125760926189806,0.0220793262568932,"A better"
"probit n=500 G=33 (m=15)","EDGE.poly3","Stukel",2000,0.053,0.0655,-0.0125,47,0.000346001140314911,-0.0177174272255814,-0.00562790698819088,"B better"
"probit n=500 G=33 (m=15)","EDGE.stk","GiViTI",2000,0.0415,0.041,5e-04,105,1,-0.00992737265340859,0.0108984492963627,"not significant"
"probit n=500 G=33 (m=15)","EDGE.stk","Stukel",2000,0.0415,0.0655,-0.024,84,1.33287369093233e-07,-0.0308931710874108,-0.0153421598364636,"B better"
"probit n=500 G=20 (m=25)","EDGE.poly3","GiViTI",2000,0.0475,0.045,0.0025,97,0.684858777214403,-0.00758342546763146,0.0124266857774057,"not significant"
"probit n=500 G=20 (m=25)","EDGE.poly3","Stukel",2000,0.0475,0.062,-0.0145,61,0.0002642786618273,-0.0208644035503019,-0.00666694297671057,"B better"
"probit n=500 G=20 (m=25)","EDGE.stk","GiViTI",2000,0.033,0.045,-0.012,108,0.0264235202771478,-0.0219711872107952,-0.00135324022459968,"B better"
"probit n=500 G=20 (m=25)","EDGE.stk","Stukel",2000,0.033,0.062,-0.029,98,2.87209146697547e-09,-0.0363244682275011,-0.0198510892838821,"B better"
"probit n=500 G=10 (m=50)","EDGE.poly3","GiViTI",2000,0.053,0.041,0.012,104,0.0236456357497682,0.00154752047443195,0.0217504280920625,"A better"
"probit n=500 G=10 (m=50)","EDGE.poly3","Stukel",2000,0.053,0.073,-0.02,88,2.37265907874396e-05,-0.0278787736807187,-0.0107268124956543,"B better"
"probit n=500 G=10 (m=50)","EDGE.stk","GiViTI",2000,0.048,0.041,0.007,114,0.223230362455546,-0.00394934191191369,0.0175766848601718,"not significant"
"probit n=500 G=10 (m=50)","EDGE.stk","Stukel",2000,0.048,0.073,-0.025,98,4.21592073699163e-07,-0.0329629486479736,-0.0154712337948366,"B better"
"probit n=500 G=5 (m=100)","EDGE.poly3","GiViTI",2000,0.0455,0.04,0.0055,125,0.37116069485081,-0.00593131163128405,0.0166647033853213,"not significant"
"probit n=500 G=5 (m=100)","EDGE.poly3","Stukel",2000,0.0455,0.06,-0.0145,113,0.00814969137377111,-0.0245626960982567,-0.0036572680220612,"B better"
"probit n=500 G=5 (m=100)","EDGE.stk","GiViTI",2000,0.052,0.04,0.012,140,0.0515235685816224,-7.61797587645607e-05,0.0235574115909041,"not significant"
"probit n=500 G=5 (m=100)","EDGE.stk","Stukel",2000,0.052,0.06,-0.008,118,0.167051114173802,-0.0187228707089391,0.0031341497367306,"not significant"
"probit n=500 G=4 (m=125)","EDGE.poly3","GiViTI",2000,0.061,0.0455,0.0155,145,0.0124568983411725,0.00325199488830945,0.0271011055840897,"A better"
"probit n=500 G=4 (m=125)","EDGE.poly3","Stukel",2000,0.061,0.0705,-0.00949999999999999,171,0.168483717488858,-0.0224705163625033,0.00380559278542603,"not significant"
"probit n=500 G=4 (m=125)","EDGE.stk","GiViTI",2000,0.06,0.0455,0.0145,161,0.0270239605178546,0.00159560273183505,0.026860438248318,"A better"
"probit n=500 G=4 (m=125)","EDGE.stk","Stukel",2000,0.06,0.0705,-0.0105,169,0.123682630204574,-0.0233557670681396,0.00273059109183854,"not significant"
"probit n=1000 G=67 (m=15)","EDGE.poly3","GiViTI",2000,0.0895,0.0755,0.014,164,0.0346806974556324,0.000974785996161395,0.0265098066759472,"A better"
"probit n=1000 G=67 (m=15)","EDGE.poly3","Stukel",2000,0.0895,0.11,-0.0205,51,2.32801511401703e-09,-0.0238370690328536,-0.0145786058901703,"B better"
"probit n=1000 G=67 (m=15)","EDGE.stk","GiViTI",2000,0.069,0.0755,-0.00649999999999999,173,0.3616287367193,-0.0196423994662602,0.00686893692758037,"not significant"
"probit n=1000 G=67 (m=15)","EDGE.stk","Stukel",2000,0.069,0.11,-0.041,116,2.95666263831268e-15,-0.0478208837829379,-0.0319876779141902,"B better"
"probit n=1000 G=40 (m=25)","EDGE.poly3","GiViTI",2000,0.0875,0.058,0.0295,159,3.30647651017217e-06,0.0170516794711795,0.0408242809020766,"A better"
"probit n=1000 G=40 (m=25)","EDGE.poly3","Stukel",2000,0.0875,0.1045,-0.017,58,8.21966396333251e-06,-0.0225193455469713,-0.00965597718244494,"B better"
"probit n=1000 G=40 (m=25)","EDGE.stk","GiViTI",2000,0.0585,0.058,5e-04,149,1,-0.0118658039124639,0.0128455286354548,"not significant"
"probit n=1000 G=40 (m=25)","EDGE.stk","Stukel",2000,0.0585,0.1045,-0.046,114,6.91984727197329e-20,-0.0513958594330732,-0.038065475379777,"B better"
"probit n=1000 G=20 (m=50)","EDGE.poly3","GiViTI",2000,0.0655,0.0535,0.012,128,0.0416382838395028,0.000436813413233386,0.0229949097306851,"A better"
"probit n=1000 G=20 (m=50)","EDGE.poly3","Stukel",2000,0.0655,0.084,-0.0185,57,7.51304309709597e-07,-0.0235140259578144,-0.0114537134109616,"B better"
"probit n=1000 G=20 (m=50)","EDGE.stk","GiViTI",2000,0.0605,0.0535,0.007,138,0.268389972008874,-0.00499654560510525,0.0186896312419538,"not significant"
"probit n=1000 G=20 (m=50)","EDGE.stk","Stukel",2000,0.0605,0.084,-0.0235,87,4.30536812500121e-07,-0.0307605351557165,-0.0145752931540327,"B better"
"probit n=1000 G=10 (m=100)","EDGE.poly3","GiViTI",2000,0.0635,0.0475,0.016,122,0.00480087406008895,0.00476720830413353,0.0264364560740809,"A better"
"probit n=1000 G=10 (m=100)","EDGE.poly3","Stukel",2000,0.0635,0.0775,-0.014,82,0.00264249289577254,-0.0221874708248069,-0.00476757834947862,"B better"
"probit n=1000 G=10 (m=100)","EDGE.stk","GiViTI",2000,0.0655,0.0475,0.018,144,0.00339388406357322,0.00583696054178846,0.0294061579232225,"A better"
"probit n=1000 G=10 (m=100)","EDGE.stk","Stukel",2000,0.0655,0.0775,-0.012,102,0.0222976618246929,-0.0216376778167126,-0.00164624185867462,"B better"
"probit n=1000 G=5 (m=200)","EDGE.poly3","GiViTI",2000,0.073,0.0465,0.0265,163,4.01399294309362e-05,0.0137672089064627,0.0382491437299915,"A better"
"probit n=1000 G=5 (m=200)","EDGE.poly3","Stukel",2000,0.073,0.0845,-0.0115,157,0.07879180968274,-0.0238242154640415,0.00126667066540577,"not significant"
"probit n=1000 G=5 (m=200)","EDGE.stk","GiViTI",2000,0.0695,0.0465,0.023,168,0.000480550725708944,0.00996215371514002,0.0352106086735212,"A better"
"probit n=1000 G=5 (m=200)","EDGE.stk","Stukel",2000,0.0695,0.0845,-0.015,166,0.0241034306731469,-0.0275483844996373,-0.00190609977694764,"B better"
"probit n=2000 G=133 (m=15)","EDGE.poly3","GiViTI",2000,0.119,0.0585,0.0605,213,2.53992210443565e-17,0.0474247091498043,0.0718527290864452,"A better"
"probit n=2000 G=133 (m=15)","EDGE.poly3","Stukel",2000,0.119,0.146,-0.027,54,1.11022302462516e-16,-0.027,-0.0234342982308012,"B better"
"probit n=2000 G=133 (m=15)","EDGE.stk","GiViTI",2000,0.1145,0.0585,0.056,226,4.56388989488452e-14,0.042018188021514,0.068484564760423,"A better"
"probit n=2000 G=133 (m=15)","EDGE.stk","Stukel",2000,0.1145,0.146,-0.0315,129,2.54756088685078e-08,-0.0408812505400862,-0.0206288916578825,"B better"
"probit n=2000 G=80 (m=25)","EDGE.poly3","GiViTI",2000,0.1075,0.0725,0.035,190,4.16393328465092e-07,0.0214662691533837,0.047421012820414,"A better"
"probit n=2000 G=80 (m=25)","EDGE.poly3","Stukel",2000,0.1075,0.1295,-0.022,50,3.70832253793195e-11,-0.0243725706082333,-0.0167259026698114,"B better"
"probit n=2000 G=80 (m=25)","EDGE.stk","GiViTI",2000,0.0955,0.0725,0.023,188,0.000979056053651444,0.00919109657362482,0.0360712353854326,"A better"
"probit n=2000 G=80 (m=25)","EDGE.stk","Stukel",2000,0.0955,0.1295,-0.034,116,1.41818227004882e-10,-0.0420744594385243,-0.0241252529406384,"B better"
"probit n=2000 G=40 (m=50)","EDGE.poly3","GiViTI",2000,0.1075,0.0735,0.034,196,1.34975880755527e-06,0.0201896857156939,0.0467634295719865,"A better"
"probit n=2000 G=40 (m=50)","EDGE.poly3","Stukel",2000,0.1075,0.125,-0.0175,47,1.77169866333316e-07,-0.0212288558733038,-0.0114015336909055,"B better"
"probit n=2000 G=40 (m=50)","EDGE.stk","GiViTI",2000,0.0965,0.0735,0.023,212,0.0019275612405554,0.00832872088231737,0.0370184966967503,"A better"
"probit n=2000 G=40 (m=50)","EDGE.stk","Stukel",2000,0.0965,0.125,-0.0285,113,7.34365191212458e-08,-0.0371320625737247,-0.0183243491163853,"B better"
"probit n=2000 G=20 (m=100)","EDGE.poly3","GiViTI",2000,0.1205,0.0665,0.054,216,9.96737994519094e-14,0.0403348177507023,0.0661531937247299,"A better"
"probit n=2000 G=20 (m=100)","EDGE.poly3","Stukel",2000,0.1205,0.126,-0.0055,71,0.235097562408343,-0.0137653080459379,0.00323883433389363,"not significant"
"probit n=2000 G=20 (m=100)","EDGE.stk","GiViTI",2000,0.112,0.0665,0.0455,231,1.98948372575469e-09,0.0307873446579589,0.0590259403743415,"A better"
"probit n=2000 G=20 (m=100)","EDGE.stk","Stukel",2000,0.112,0.126,-0.014,146,0.0251113772562568,-0.0257276281247026,-0.0016922766419518,"B better"
"probit n=2000 G=10 (m=200)","EDGE.poly3","GiViTI",2000,0.0895,0.0645,0.025,156,7.67176867259512e-05,0.0125139056008303,0.0365158819249735,"A better"
"probit n=2000 G=10 (m=200)","EDGE.poly3","Stukel",2000,0.0895,0.1305,-0.041,130,1.71543421493037e-13,-0.0491381026824839,-0.0309238903027248,"B better"
"probit n=2000 G=10 (m=200)","EDGE.stk","GiViTI",2000,0.121,0.0645,0.0565,231,5.29402555562048e-14,0.0423334657356279,0.0691894445094533,"A better"
"probit n=2000 G=10 (m=200)","EDGE.stk","Stukel",2000,0.121,0.1305,-0.00950000000000001,171,0.168483717488858,-0.0224705163625033,0.00380559278542603,"not significant"
"probit n=5000 G=333 (m=15)","EDGE.poly3","GiViTI",2000,0.303,0.145,0.158,426,1.15441720292699e-58,0.142831058513412,0.170927048472508,"A better"
"probit n=5000 G=333 (m=15)","EDGE.poly3","Stukel",2000,0.303,0.3105,-0.00750000000000001,43,0.0315394973531511,-0.0132972016638749,-0.00062608996945393,"B better"
"probit n=5000 G=333 (m=15)","EDGE.stk","GiViTI",2000,0.295,0.145,0.15,456,2.74655381426828e-48,0.13277957806029,0.165243950901041,"A better"
"probit n=5000 G=333 (m=15)","EDGE.stk","Stukel",2000,0.295,0.3105,-0.0155,195,0.0314219144901498,-0.0291816235754856,-0.00133975127907586,"B better"
"probit n=5000 G=200 (m=25)","EDGE.poly3","GiViTI",2000,0.271,0.13,0.141,406,1.84404871180138e-48,0.125271841504351,0.154633478307371,"A better"
"probit n=5000 G=200 (m=25)","EDGE.poly3","Stukel",2000,0.271,0.293,-0.022,50,3.70832253793195e-11,-0.0243725706082333,-0.0167259026698114,"B better"
"probit n=5000 G=200 (m=25)","EDGE.stk","GiViTI",2000,0.2695,0.13,0.1395,431,3.54674154792266e-44,0.122550181736278,0.154504210818254,"A better"
"probit n=5000 G=200 (m=25)","EDGE.stk","Stukel",2000,0.2695,0.293,-0.0235,203,0.00118989331983583,-0.037149339353975,-0.00915356235575387,"B better"
"probit n=5000 G=100 (m=50)","EDGE.poly3","GiViTI",2000,0.2285,0.111,0.1175,349,3.67662197959423e-39,0.102478193933586,0.130488061277549,"A better"
"probit n=5000 G=100 (m=50)","EDGE.poly3","Stukel",2000,0.2285,0.2545,-0.026,60,9.08450398240391e-13,-0.0288922933454471,-0.0202807946881363,"B better"
"probit n=5000 G=100 (m=50)","EDGE.stk","GiViTI",2000,0.2665,0.111,0.1555,449,4.00317345236086e-53,0.13900361928573,0.16991139659889,"A better"
"probit n=5000 G=100 (m=50)","EDGE.stk","Stukel",2000,0.2665,0.2545,0.012,188,0.0931912139224255,-0.00192680888962522,0.0255423342098722,"not significant"
"probit n=5000 G=50 (m=100)","EDGE.poly3","GiViTI",2000,0.232,0.1135,0.1185,315,3.98731841159438e-45,0.105415955756633,0.129294450961541,"A better"
"probit n=5000 G=50 (m=100)","EDGE.poly3","Stukel",2000,0.232,0.253,-0.021,50,4.46178205493197e-10,-0.0238886018172535,-0.0153828608202019,"B better"
"probit n=5000 G=50 (m=100)","EDGE.stk","GiViTI",2000,0.2575,0.1135,0.144,400,1.18546237581032e-51,0.128831800181295,0.156992886472644,"A better"
"probit n=5000 G=50 (m=100)","EDGE.stk","Stukel",2000,0.2575,0.253,0.0045,165,0.533544893630848,-0.00855131913526987,0.0173867759427379,"not significant"
"probit n=5000 G=25 (m=200)","EDGE.poly3","GiViTI",2000,0.226,0.116,0.11,324,4.17242267709902e-37,0.0955538000830463,0.122391909160911,"A better"
"probit n=5000 G=25 (m=200)","EDGE.poly3","Stukel",2000,0.226,0.2365,-0.0105,81,0.0256543579716963,-0.0189834086578095,-0.00122448124490326,"B better"
"probit n=5000 G=25 (m=200)","EDGE.stk","GiViTI",2000,0.2475,0.116,0.1315,379,3.07919466412032e-45,0.116241190146286,0.144663590496237,"A better"
"probit n=5000 G=25 (m=200)","EDGE.stk","Stukel",2000,0.2475,0.2365,0.011,168,0.104911914814782,-0.00219216779592035,0.023797106316989,"not significant"
"probit n=20000 G=400 (m=50)","EDGE.poly3","GiViTI",2400,0.82375,0.547083333333333,0.276666666666667,702,7.56427835860148e-175,0.267962460227608,0.282922293771445,"A better"
"probit n=20000 G=400 (m=50)","EDGE.poly3","Stukel",2400,0.82375,0.82875,-0.005,34,0.0576126729138197,-0.00923996955433889,0.000149183525457628,"not significant"
"probit n=20000 G=400 (m=50)","EDGE.stk","GiViTI",2400,0.859583333333333,0.547083333333333,0.3125,780,5.15586482569527e-204,0.304511920298975,0.317978521491189,"A better"
"probit n=20000 G=400 (m=50)","EDGE.stk","Stukel",2400,0.859583333333333,0.82875,0.0308333333333334,158,3.28838573638831e-09,0.0208206281948489,0.039660543385267,"A better"
"probit n=20000 G=400 (m=50)","EDGE.poly3","GiViTI",2400,0.82375,0.547083333333333,0.276666666666667,702,7.56427835860148e-175,0.267962460227608,0.282922293771445,"A better"
"probit n=20000 G=400 (m=50)","EDGE.poly3","Stukel",2400,0.82375,0.82875,-0.005,34,0.0576126729138197,-0.00923996955433889,0.000149183525457628,"not significant"
"probit n=20000 G=400 (m=50)","EDGE.stk","GiViTI",2400,0.859583333333333,0.547083333333333,0.3125,780,5.15586482569527e-204,0.304511920298975,0.317978521491189,"A better"
"probit n=20000 G=400 (m=50)","EDGE.stk","Stukel",2400,0.859583333333333,0.82875,0.0308333333333334,158,3.28838573638831e-09,0.0208206281948489,0.039660543385267,"A better"
"probit n=20000 G=400 (m=50)","EDGE.poly3","GiViTI",2400,0.82375,0.547083333333333,0.276666666666667,702,7.56427835860148e-175,0.267962460227608,0.282922293771445,"A better"
"probit n=20000 G=400 (m=50)","EDGE.poly3","Stukel",2400,0.82375,0.82875,-0.005,34,0.0576126729138197,-0.00923996955433889,0.000149183525457628,"not significant"
"probit n=20000 G=400 (m=50)","EDGE.stk","GiViTI",2400,0.859583333333333,0.547083333333333,0.3125,780,5.15586482569527e-204,0.304511920298975,0.317978521491189,"A better"
"probit n=20000 G=400 (m=50)","EDGE.stk","Stukel",2400,0.859583333333333,0.82875,0.0308333333333334,158,3.28838573638831e-09,0.0208206281948489,0.039660543385267,"A better"
"probit n=20000 G=200 (m=100)","EDGE.poly3","GiViTI",800,0.79125,0.5325,0.25875,227,7.95583855691175e-52,0.238622019280182,0.27164849290673,"A better"
"probit n=20000 G=200 (m=100)","EDGE.poly3","Stukel",800,0.79125,0.81875,-0.0275,24,2.98023223876954e-06,-0.0299367388532718,-0.0173278989925816,"B better"
"probit n=20000 G=200 (m=100)","EDGE.stk","GiViTI",800,0.85625,0.5325,0.32375,271,2.80576335987838e-70,0.306525011075538,0.333216582721669,"A better"
"probit n=20000 G=200 (m=100)","EDGE.stk","Stukel",800,0.85625,0.81875,0.0375,74,0.000642807349050706,0.0157554778830581,0.0561319684707124,"A better"
"probit n=20000 G=100 (m=200)","EDGE.poly3","GiViTI",800,0.7975,0.51625,0.28125,239,1.88752346444283e-59,0.263251183390612,0.291666628508562,"A better"
"probit n=20000 G=100 (m=200)","EDGE.poly3","Stukel",800,0.7975,0.81,-0.0125000000000001,20,0.0413894653320313,-0.0206714265449283,-0.000447706414602123,"B better"
"probit n=20000 G=100 (m=200)","EDGE.stk","GiViTI",800,0.8475,0.51625,0.33125,275,4.24073170925254e-73,0.314931440558127,0.339673613162573,"A better"
"probit n=20000 G=100 (m=200)","EDGE.stk","Stukel",800,0.8475,0.81,0.0375,64,0.00022688238288328,0.0174598193354542,0.0539238317650382,"A better"
