"block","scen","n","G","B","test","size","power_raw","power_adj","na_alt","na_null"
"D1_probit","probit",1000,10,2000,"EDGE.poly2",0.052,0.0525,0.0505,0,0
"D1_probit","probit",1000,10,2000,"EDGE.poly3",0.0485,0.0815,0.083,0,0
"D1_probit","probit",1000,10,2000,"EDGE.stk",0.045,0.0675,0.073,0,0
"D1_probit","probit",1000,10,2000,"HL_F",0.04,0.063,0.07,0,0
"D1_probit","probit",1000,10,2000,"HL",0.041,0.056,0.064,0,0
"D1_probit","probit",1000,10,2000,"HL_w",0.046,0.0765,0.0785,0,0
"D1_probit","probit",1000,10,2000,"Stukel",0.056,0.0925,0.083,0,0
"D1_probit","probit",1000,10,2000,"GiViTI",0.058,0.062,0.0555,0,0
"D1_probit","probit",5000,10,2000,"EDGE.poly2",0.056,0.0945,0.08,0,0
"D1_probit","probit",5000,10,2000,"EDGE.poly3",0.053,0.224,0.2135,0,0
"D1_probit","probit",5000,10,2000,"EDGE.stk",0.0505,0.245,0.244,0,0
"D1_probit","probit",5000,10,2000,"HL_F",0.0495,0.1335,0.1355,0,0
"D1_probit","probit",5000,10,2000,"HL",0.0495,0.1245,0.1245,0,0
"D1_probit","probit",5000,10,2000,"HL_w",0.0445,0.119,0.125,0,0
"D1_probit","probit",5000,10,2000,"Stukel",0.053,0.2765,0.261,0,0
"D1_probit","probit",5000,10,2000,"GiViTI",0.053,0.1315,0.126,0,0
"D1_probit","probit",20000,10,800,"EDGE.poly2",0.05625,0.225,0.2075,0,0
"D1_probit","probit",20000,10,800,"EDGE.poly3",0.05875,0.75,0.7025,0,0
"D1_probit","probit",20000,10,800,"EDGE.stk",0.05875,0.7775,0.75375,0,0
"D1_probit","probit",20000,10,800,"HL_F",0.06125,0.48125,0.44875,0,0
"D1_probit","probit",20000,10,800,"HL",0.06125,0.47375,0.4375,0,0
"D1_probit","probit",20000,10,800,"HL_w",0.05125,0.41,0.3975,0,0
"D1_probit","probit",20000,10,800,"Stukel",0.0625,0.82375,0.7975,0,0
"D1_probit","probit",20000,10,800,"GiViTI",0.05375,0.54875,0.53125,0,0
"D1_probit","probit",50000,10,800,"EDGE.poly2",0.04875,0.5175,0.51875,0,0
"D1_probit","probit",50000,10,800,"EDGE.poly3",0.04375,0.99125,0.9925,0,0
"D1_probit","probit",50000,10,800,"EDGE.stk",0.045,0.995,0.995,0,0
"D1_probit","probit",50000,10,800,"HL_F",0.0475,0.93,0.93125,0,0
"D1_probit","probit",50000,10,800,"HL",0.0475,0.9275,0.9275,0,0
"D1_probit","probit",50000,10,800,"HL_w",0.05125,0.88125,0.87,0,0
"D1_probit","probit",50000,10,800,"Stukel",0.04375,0.9975,0.9975,0,0
"D1_probit","probit",50000,10,800,"GiViTI",0.055,0.96875,0.9675,0,0
"D1_probit","cloglog",1000,10,2000,"EDGE.poly2",0.0475,0.804,0.8115,0,0
"D1_probit","cloglog",1000,10,2000,"EDGE.poly3",0.0435,0.745,0.757,0,0
"D1_probit","cloglog",1000,10,2000,"EDGE.stk",0.0415,0.7425,0.7885,0,0
"D1_probit","cloglog",1000,10,2000,"HL_F",0.0505,0.493,0.4925,0,0
"D1_probit","cloglog",1000,10,2000,"HL",0.05,0.4,0.3985,0,0
"D1_probit","cloglog",1000,10,2000,"HL_w",0.0455,0.471,0.4845,0,0
"D1_probit","cloglog",1000,10,2000,"Stukel",0.0435,0.847,0.8625,0,0
"D1_probit","cloglog",1000,10,2000,"GiViTI",0.0505,0.851,0.8505,0,0
"D2_groups","cloglog",1000,5,2000,"EDGE.poly2",0.056,0.7415,0.7275,0,0
"D2_groups","cloglog",1000,5,2000,"EDGE.poly3",0.0545,0.6845,0.667,0,0
"D2_groups","cloglog",1000,5,2000,"EDGE.stk",0.0545,0.711,0.6835,0,0
"D2_groups","cloglog",1000,5,2000,"HL_F",0.0515,0.644,0.634,0,0
"D2_groups","cloglog",1000,5,2000,"HL",0.0525,0.582,0.575,0,0
"D2_groups","cloglog",1000,5,2000,"HL_w",0.0575,0.411,0.3845,0,0
"D2_groups","cloglog",1000,5,2000,"Stukel",0.0615,0.845,0.8225,0,0
"D2_groups","cloglog",1000,5,2000,"GiViTI",0.0525,0.8655,0.856,0,0
"D2_groups","cloglog",1000,10,2000,"EDGE.poly2",0.045,0.807,0.814,0,0
"D2_groups","cloglog",1000,10,2000,"EDGE.poly3",0.05,0.7745,0.774,0,0
"D2_groups","cloglog",1000,10,2000,"EDGE.stk",0.0515,0.751,0.743,0,0
"D2_groups","cloglog",1000,10,2000,"HL_F",0.0465,0.49,0.512,0,0
"D2_groups","cloglog",1000,10,2000,"HL",0.0465,0.3915,0.4035,0,0
"D2_groups","cloglog",1000,10,2000,"HL_w",0.054,0.4785,0.4715,0,0
"D2_groups","cloglog",1000,10,2000,"Stukel",0.0455,0.8505,0.8655,0,0
"D2_groups","cloglog",1000,10,2000,"GiViTI",0.047,0.867,0.8705,0,0
"D2_groups","cloglog",1000,20,2000,"EDGE.poly2",0.0395,0.8205,0.849,0,0
"D2_groups","cloglog",1000,20,2000,"EDGE.poly3",0.038,0.7855,0.8165,0,0
"D2_groups","cloglog",1000,20,2000,"EDGE.stk",0.044,0.7495,0.777,0,0
"D2_groups","cloglog",1000,20,2000,"HL_F",0.0475,0.3445,0.362,0,0
"D2_groups","cloglog",1000,20,2000,"HL",0.0455,0.2085,0.2205,0,0
"D2_groups","cloglog",1000,20,2000,"HL_w",0.0425,0.374,0.387,0,0
"D2_groups","cloglog",1000,20,2000,"Stukel",0.0425,0.8515,0.8685,0,0
"D2_groups","cloglog",1000,20,2000,"GiViTI",0.038,0.864,0.8845,0,0
"D2_groups","cloglog",1000,40,2000,"EDGE.poly2",0.0575,0.8275,0.8125,0,0
"D2_groups","cloglog",1000,40,2000,"EDGE.poly3",0.0525,0.804,0.8,0,0
"D2_groups","cloglog",1000,40,2000,"EDGE.stk",0.0575,0.751,0.727,0,0
"D2_groups","cloglog",1000,40,2000,"HL_F",0.0555,0.2165,0.2055,0,0
"D2_groups","cloglog",1000,40,2000,"HL",0.0575,0.084,0.077,0,0
"D2_groups","cloglog",1000,40,2000,"HL_w",0.052,0.2905,0.286,0,0
"D2_groups","cloglog",1000,40,2000,"Stukel",0.0575,0.856,0.846,0,0
"D2_groups","cloglog",1000,40,2000,"GiViTI",0.0595,0.8685,0.847,0,0
"D2_groups","cloglog",1000,60,2000,"EDGE.poly2",0.0455,0.8135,0.8235,0,0
"D2_groups","cloglog",1000,60,2000,"EDGE.poly3",0.047,0.79,0.796,0,0
"D2_groups","cloglog",1000,60,2000,"EDGE.stk",0.0415,0.729,0.758,0,0
"D2_groups","cloglog",1000,60,2000,"HL_F",0.0515,0.1565,0.1515,0,0
"D2_groups","cloglog",1000,60,2000,"HL",0.052,0.0555,0.055,0,0
"D2_groups","cloglog",1000,60,2000,"HL_w",0.0565,0.229,0.2155,0,0
"D2_groups","cloglog",1000,60,2000,"Stukel",0.0465,0.85,0.856,0,0
"D2_groups","cloglog",1000,60,2000,"GiViTI",0.0435,0.86,0.8695,0,0
"D3_giviti","osc4",1000,10,2000,"EDGE.poly2",0.055,0.0745,0.0675,0,0
"D3_giviti","osc4",1000,10,2000,"EDGE.poly3",0.0505,0.5345,0.5335,0,0
"D3_giviti","osc4",1000,10,2000,"EDGE.stk",0.0555,0.6825,0.673,0,0
"D3_giviti","osc4",1000,10,2000,"HL_F",0.043,1,1,0,0
"D3_giviti","osc4",1000,10,2000,"HL",0.0435,1,1,0,0
"D3_giviti","osc4",1000,10,2000,"HL_w",0.0415,0.9995,0.9995,0,0
"D3_giviti","osc4",1000,10,2000,"Stukel",0.055,0.558,0.542,0,0
"D3_giviti","osc4",1000,10,2000,"GiViTI",0.053,0.333,0.327,0,0
"D3_giviti","sawtooth",1000,10,2000,"EDGE.poly2",0.0485,0.0575,0.0575,0,0
"D3_giviti","sawtooth",1000,10,2000,"EDGE.poly3",0.045,0.124,0.1325,0,0
"D3_giviti","sawtooth",1000,10,2000,"EDGE.stk",0.0475,0.1815,0.1895,0,0
"D3_giviti","sawtooth",1000,10,2000,"HL_F",0.0475,0.9495,0.9505,0,0
"D3_giviti","sawtooth",1000,10,2000,"HL",0.0455,0.95,0.951,0,0
"D3_giviti","sawtooth",1000,10,2000,"HL_w",0.052,0.8835,0.8805,0,0
"D3_giviti","sawtooth",1000,10,2000,"Stukel",0.0475,0.115,0.12,0,0
"D3_giviti","sawtooth",1000,10,2000,"GiViTI",0.051,0.064,0.0625,0,0
"D3_giviti","sparse_cloglog",500,10,2000,"EDGE.poly2",0.049,0.053,0.054,0,0
"D3_giviti","sparse_cloglog",500,10,2000,"EDGE.poly3",0.0475,0.0505,0.0525,0,0
"D3_giviti","sparse_cloglog",500,10,2000,"EDGE.stk",0.0535,0.0505,0.0475,0,0
"D3_giviti","sparse_cloglog",500,10,2000,"HL_F",0.04,0.0505,0.057,0,0
"D3_giviti","sparse_cloglog",500,10,2000,"HL",0.0475,0.062,0.0655,0,0
"D3_giviti","sparse_cloglog",500,10,2000,"HL_w",0.0457142857142857,0.0318987341772152,0.0344303797468354,0.0125,0.0375
"D3_giviti","sparse_cloglog",500,10,2000,"Stukel",0.0319148936170213,0.0316537467700258,0.0529715762273902,0.226,0.154
"D3_giviti","sparse_cloglog",500,10,2000,"GiViTI",0.0675,0.066,0.0445,0,0
"D3_giviti","sparse_cloglog",2000,10,2000,"EDGE.poly2",0.0395,0.053,0.0585,0,0
"D3_giviti","sparse_cloglog",2000,10,2000,"EDGE.poly3",0.0455,0.05,0.0585,0,0
"D3_giviti","sparse_cloglog",2000,10,2000,"EDGE.stk",0.0375,0.0655,0.079,0,0
"D3_giviti","sparse_cloglog",2000,10,2000,"HL_F",0.042,0.0535,0.0595,0,0
"D3_giviti","sparse_cloglog",2000,10,2000,"HL",0.047,0.067,0.0705,0,0
"D3_giviti","sparse_cloglog",2000,10,2000,"HL_w",0.0435217608804402,0.024,0.033,0,5e-04
"D3_giviti","sparse_cloglog",2000,10,2000,"Stukel",0.039895356442119,0.0443275732531931,0.0540946656649136,0.3345,0.2355
"D3_giviti","sparse_cloglog",2000,10,2000,"GiViTI",0.0415,0.081,0.089,0,0
