"n","m","G","scen","test","B","size","power_adj","na_null"
500,15,33,"cloglog","EDGE.poly2",2000,0.055,0.479,0
500,15,33,"cloglog","EDGE.poly3",2000,0.05,0.419,0
500,15,33,"cloglog","EDGE.stk",2000,0.042,0.3185,0
500,15,33,"cloglog","HL_F",2000,0.048,0.1105,0
500,15,33,"cloglog","HL",2000,0.0425,0.0475,0
500,15,33,"cloglog","HL_w",2000,0.059,0.135,0
500,15,33,"cloglog","Stukel",2000,0.0525,0.5095,0
500,15,33,"cloglog","GiViTI",2000,0.0545,0.539,0
500,15,33,"probit","EDGE.poly2",2000,0.055,0.0405,0
500,15,33,"probit","EDGE.poly3",2000,0.05,0.053,0
500,15,33,"probit","EDGE.stk",2000,0.042,0.0415,0
500,15,33,"probit","HL_F",2000,0.048,0.051,0
500,15,33,"probit","HL",2000,0.0425,0.0395,0
500,15,33,"probit","HL_w",2000,0.059,0.0405,0
500,15,33,"probit","Stukel",2000,0.0525,0.0655,0
500,15,33,"probit","GiViTI",2000,0.0545,0.041,0
500,25,20,"cloglog","EDGE.poly2",2000,0.056,0.4575,0
500,25,20,"cloglog","EDGE.poly3",2000,0.0595,0.3685,0
500,25,20,"cloglog","EDGE.stk",2000,0.051,0.251,0
500,25,20,"cloglog","HL_F",2000,0.0515,0.1405,0
500,25,20,"cloglog","HL",2000,0.051,0.0715,0
500,25,20,"cloglog","HL_w",2000,0.0535,0.1925,0
500,25,20,"cloglog","Stukel",2000,0.057,0.4725,0
500,25,20,"cloglog","GiViTI",2000,0.055,0.5315,0
500,25,20,"probit","EDGE.poly2",2000,0.056,0.045,0
500,25,20,"probit","EDGE.poly3",2000,0.0595,0.0475,0
500,25,20,"probit","EDGE.stk",2000,0.051,0.033,0
500,25,20,"probit","HL_F",2000,0.0515,0.045,0
500,25,20,"probit","HL",2000,0.051,0.0415,0
500,25,20,"probit","HL_w",2000,0.0535,0.0485,0
500,25,20,"probit","Stukel",2000,0.057,0.062,0
500,25,20,"probit","GiViTI",2000,0.055,0.045,0
500,50,10,"cloglog","EDGE.poly2",2000,0.0415,0.503,0
500,50,10,"cloglog","EDGE.poly3",2000,0.049,0.371,0
500,50,10,"cloglog","EDGE.stk",2000,0.047,0.2935,0
500,50,10,"cloglog","HL_F",2000,0.0425,0.2195,0
500,50,10,"cloglog","HL",2000,0.0415,0.1595,0
500,50,10,"cloglog","HL_w",2000,0.045,0.2565,0
500,50,10,"cloglog","Stukel",2000,0.0545,0.4915,0
500,50,10,"cloglog","GiViTI",2000,0.054,0.53,0
500,50,10,"probit","EDGE.poly2",2000,0.0415,0.0465,0
500,50,10,"probit","EDGE.poly3",2000,0.049,0.053,0
500,50,10,"probit","EDGE.stk",2000,0.047,0.048,0
500,50,10,"probit","HL_F",2000,0.0425,0.048,0
500,50,10,"probit","HL",2000,0.0415,0.044,0
500,50,10,"probit","HL_w",2000,0.045,0.0475,0
500,50,10,"probit","Stukel",2000,0.0545,0.073,0
500,50,10,"probit","GiViTI",2000,0.054,0.041,0
500,100,5,"cloglog","EDGE.poly2",2000,0.054,0.4085,0
500,100,5,"cloglog","EDGE.poly3",2000,0.0515,0.327,0
500,100,5,"cloglog","EDGE.stk",2000,0.051,0.319,0
500,100,5,"cloglog","HL_F",2000,0.0495,0.298,0
500,100,5,"cloglog","HL",2000,0.051,0.232,0
500,100,5,"cloglog","HL_w",2000,0.043,0.262,0
500,100,5,"cloglog","Stukel",2000,0.0575,0.5005,0
500,100,5,"cloglog","GiViTI",2000,0.053,0.552,0
500,100,5,"probit","EDGE.poly2",2000,0.054,0.0385,0
500,100,5,"probit","EDGE.poly3",2000,0.0515,0.0455,0
500,100,5,"probit","EDGE.stk",2000,0.051,0.052,0
500,100,5,"probit","HL_F",2000,0.0495,0.045,0
500,100,5,"probit","HL",2000,0.051,0.036,0
500,100,5,"probit","HL_w",2000,0.043,0.063,0
500,100,5,"probit","Stukel",2000,0.0575,0.06,0
500,100,5,"probit","GiViTI",2000,0.053,0.04,0
500,200,4,"cloglog","EDGE.poly2",2000,0.049,0.388,0
500,200,4,"cloglog","EDGE.poly3",2000,0.05,0.2725,0
500,200,4,"cloglog","EDGE.stk",2000,0.048,0.371,0
500,200,4,"cloglog","HL_F",2000,0.049,0.345,0
500,200,4,"cloglog","HL",2000,0.0485,0.281,0
500,200,4,"cloglog","HL_w",2000,0.0555,0.192,0
500,200,4,"cloglog","Stukel",2000,0.053,0.5095,0
500,200,4,"cloglog","GiViTI",2000,0.054,0.549,0
500,200,4,"probit","EDGE.poly2",2000,0.049,0.0565,0
500,200,4,"probit","EDGE.poly3",2000,0.05,0.061,0
500,200,4,"probit","EDGE.stk",2000,0.048,0.06,0
500,200,4,"probit","HL_F",2000,0.049,0.062,0
500,200,4,"probit","HL",2000,0.0485,0.0585,0
500,200,4,"probit","HL_w",2000,0.0555,0.0545,0
500,200,4,"probit","Stukel",2000,0.053,0.0705,0
500,200,4,"probit","GiViTI",2000,0.054,0.0455,0
1000,15,67,"cloglog","EDGE.poly2",2000,0.0445,0.846,0
1000,15,67,"cloglog","EDGE.poly3",2000,0.0375,0.847,0
1000,15,67,"cloglog","EDGE.stk",2000,0.037,0.799,0
1000,15,67,"cloglog","HL_F",2000,0.038,0.1885,0
1000,15,67,"cloglog","HL",2000,0.036,0.052,0
1000,15,67,"cloglog","HL_w",2000,0.0385,0.261,0
1000,15,67,"cloglog","Stukel",2000,0.0395,0.8925,0
1000,15,67,"cloglog","GiViTI",2000,0.042,0.885,0
1000,15,67,"probit","EDGE.poly2",2000,0.0445,0.061,0
1000,15,67,"probit","EDGE.poly3",2000,0.0375,0.0895,0
1000,15,67,"probit","EDGE.stk",2000,0.037,0.069,0
1000,15,67,"probit","HL_F",2000,0.038,0.054,0
1000,15,67,"probit","HL",2000,0.036,0.0385,0
1000,15,67,"probit","HL_w",2000,0.0385,0.0585,0
1000,15,67,"probit","Stukel",2000,0.0395,0.11,0
1000,15,67,"probit","GiViTI",2000,0.042,0.0755,0
1000,25,40,"cloglog","EDGE.poly2",2000,0.044,0.8465,0
1000,25,40,"cloglog","EDGE.poly3",2000,0.039,0.8265,0
1000,25,40,"cloglog","EDGE.stk",2000,0.0475,0.7585,0
1000,25,40,"cloglog","HL_F",2000,0.0475,0.2105,0
1000,25,40,"cloglog","HL",2000,0.0485,0.0875,0
1000,25,40,"cloglog","HL_w",2000,0.0485,0.2645,0
1000,25,40,"cloglog","Stukel",2000,0.0425,0.8695,0
1000,25,40,"cloglog","GiViTI",2000,0.0405,0.8855,0
1000,25,40,"probit","EDGE.poly2",2000,0.044,0.0495,0
1000,25,40,"probit","EDGE.poly3",2000,0.039,0.0875,0
1000,25,40,"probit","EDGE.stk",2000,0.0475,0.0585,0
1000,25,40,"probit","HL_F",2000,0.0475,0.05,0
1000,25,40,"probit","HL",2000,0.0485,0.0345,0
1000,25,40,"probit","HL_w",2000,0.0485,0.0575,0
1000,25,40,"probit","Stukel",2000,0.0425,0.1045,0
1000,25,40,"probit","GiViTI",2000,0.0405,0.058,0
1000,50,20,"cloglog","EDGE.poly2",2000,0.0505,0.826,0
1000,50,20,"cloglog","EDGE.poly3",2000,0.058,0.775,0
1000,50,20,"cloglog","EDGE.stk",2000,0.0545,0.737,0
1000,50,20,"cloglog","HL_F",2000,0.0555,0.3265,0
1000,50,20,"cloglog","HL",2000,0.056,0.2035,0
1000,50,20,"cloglog","HL_w",2000,0.066,0.3605,0
1000,50,20,"cloglog","Stukel",2000,0.0565,0.849,0
1000,50,20,"cloglog","GiViTI",2000,0.0515,0.8735,0
1000,50,20,"probit","EDGE.poly2",2000,0.0505,0.0475,0
1000,50,20,"probit","EDGE.poly3",2000,0.058,0.0655,0
1000,50,20,"probit","EDGE.stk",2000,0.0545,0.0605,0
1000,50,20,"probit","HL_F",2000,0.0555,0.047,0
1000,50,20,"probit","HL",2000,0.056,0.04,0
1000,50,20,"probit","HL_w",2000,0.066,0.044,0
1000,50,20,"probit","Stukel",2000,0.0565,0.084,0
1000,50,20,"probit","GiViTI",2000,0.0515,0.0535,0
1000,100,10,"cloglog","EDGE.poly2",2000,0.052,0.808,0
1000,100,10,"cloglog","EDGE.poly3",2000,0.0585,0.7345,0
1000,100,10,"cloglog","EDGE.stk",2000,0.055,0.7395,0
1000,100,10,"cloglog","HL_F",2000,0.0545,0.4755,0
1000,100,10,"cloglog","HL",2000,0.055,0.387,0
1000,100,10,"cloglog","HL_w",2000,0.057,0.455,0
1000,100,10,"cloglog","Stukel",2000,0.059,0.8315,0
1000,100,10,"cloglog","GiViTI",2000,0.0585,0.854,0
1000,100,10,"probit","EDGE.poly2",2000,0.052,0.0515,0
1000,100,10,"probit","EDGE.poly3",2000,0.0585,0.0635,0
1000,100,10,"probit","EDGE.stk",2000,0.055,0.0655,0
1000,100,10,"probit","HL_F",2000,0.0545,0.0545,0
1000,100,10,"probit","HL",2000,0.055,0.0475,0
1000,100,10,"probit","HL_w",2000,0.057,0.048,0
1000,100,10,"probit","Stukel",2000,0.059,0.0775,0
1000,100,10,"probit","GiViTI",2000,0.0585,0.0475,0
1000,200,5,"cloglog","EDGE.poly2",2000,0.0505,0.7345,0
1000,200,5,"cloglog","EDGE.poly3",2000,0.048,0.6725,0
1000,200,5,"cloglog","EDGE.stk",2000,0.05,0.7195,0
1000,200,5,"cloglog","HL_F",2000,0.0525,0.623,0
1000,200,5,"cloglog","HL",2000,0.0525,0.5645,0
1000,200,5,"cloglog","HL_w",2000,0.052,0.4025,0
1000,200,5,"cloglog","Stukel",2000,0.058,0.835,0
1000,200,5,"cloglog","GiViTI",2000,0.055,0.853,0
1000,200,5,"probit","EDGE.poly2",2000,0.0505,0.0515,0
1000,200,5,"probit","EDGE.poly3",2000,0.048,0.073,0
1000,200,5,"probit","EDGE.stk",2000,0.05,0.0695,0
1000,200,5,"probit","HL_F",2000,0.0525,0.0615,0
1000,200,5,"probit","HL",2000,0.0525,0.0575,0
1000,200,5,"probit","HL_w",2000,0.052,0.047,0
1000,200,5,"probit","Stukel",2000,0.058,0.0845,0
1000,200,5,"probit","GiViTI",2000,0.055,0.0465,0
2000,15,133,"cloglog","EDGE.poly2",2000,0.0505,0.985,0
2000,15,133,"cloglog","EDGE.poly3",2000,0.0465,0.99,0
2000,15,133,"cloglog","EDGE.stk",2000,0.0455,0.992,0
2000,15,133,"cloglog","HL_F",2000,0.049,0.2225,0
2000,15,133,"cloglog","HL",2000,0.048,0.039,0
2000,15,133,"cloglog","HL_w",2000,0.048,0.354,0
2000,15,133,"cloglog","Stukel",2000,0.0445,0.9955,0
2000,15,133,"cloglog","GiViTI",2000,0.0495,0.9905,0
2000,15,133,"probit","EDGE.poly2",2000,0.0505,0.0495,0
2000,15,133,"probit","EDGE.poly3",2000,0.0465,0.119,0
2000,15,133,"probit","EDGE.stk",2000,0.0455,0.1145,0
2000,15,133,"probit","HL_F",2000,0.049,0.0485,0
2000,15,133,"probit","HL",2000,0.048,0.04,0
2000,15,133,"probit","HL_w",2000,0.048,0.0525,0
2000,15,133,"probit","Stukel",2000,0.0445,0.146,0
2000,15,133,"probit","GiViTI",2000,0.0495,0.0585,0
2000,25,80,"cloglog","EDGE.poly2",2000,0.0565,0.9835,0
2000,25,80,"cloglog","EDGE.poly3",2000,0.053,0.985,0
2000,25,80,"cloglog","EDGE.stk",2000,0.055,0.983,0
2000,25,80,"cloglog","HL_F",2000,0.046,0.3555,0
2000,25,80,"cloglog","HL",2000,0.0455,0.12,0
2000,25,80,"cloglog","HL_w",2000,0.05,0.414,0
2000,25,80,"cloglog","Stukel",2000,0.0565,0.992,0
2000,25,80,"cloglog","GiViTI",2000,0.0535,0.9915,0
2000,25,80,"probit","EDGE.poly2",2000,0.0565,0.0455,0
2000,25,80,"probit","EDGE.poly3",2000,0.053,0.1075,0
2000,25,80,"probit","EDGE.stk",2000,0.055,0.0955,0
2000,25,80,"probit","HL_F",2000,0.046,0.0555,0
2000,25,80,"probit","HL",2000,0.0455,0.0395,0
2000,25,80,"probit","HL_w",2000,0.05,0.055,0
2000,25,80,"probit","Stukel",2000,0.0565,0.1295,0
2000,25,80,"probit","GiViTI",2000,0.0535,0.0725,0
2000,50,40,"cloglog","EDGE.poly2",2000,0.0435,0.989,0
2000,50,40,"cloglog","EDGE.poly3",2000,0.05,0.9895,0
2000,50,40,"cloglog","EDGE.stk",2000,0.0515,0.9925,0
2000,50,40,"cloglog","HL_F",2000,0.0485,0.5515,0
2000,50,40,"cloglog","HL",2000,0.048,0.346,0
2000,50,40,"cloglog","HL_w",2000,0.0505,0.594,0
2000,50,40,"cloglog","Stukel",2000,0.05,0.9965,0
2000,50,40,"cloglog","GiViTI",2000,0.045,0.9955,0
2000,50,40,"probit","EDGE.poly2",2000,0.0435,0.064,0
2000,50,40,"probit","EDGE.poly3",2000,0.05,0.1075,0
2000,50,40,"probit","EDGE.stk",2000,0.0515,0.0965,0
2000,50,40,"probit","HL_F",2000,0.0485,0.0625,0
2000,50,40,"probit","HL",2000,0.048,0.0545,0
2000,50,40,"probit","HL_w",2000,0.0505,0.048,0
2000,50,40,"probit","Stukel",2000,0.05,0.125,0
2000,50,40,"probit","GiViTI",2000,0.045,0.0735,0
2000,100,20,"cloglog","EDGE.poly2",2000,0.0475,0.993,0
2000,100,20,"cloglog","EDGE.poly3",2000,0.044,0.9925,0
2000,100,20,"cloglog","EDGE.stk",2000,0.048,0.993,0
2000,100,20,"cloglog","HL_F",2000,0.053,0.749,0
2000,100,20,"cloglog","HL",2000,0.0525,0.6315,0
2000,100,20,"cloglog","HL_w",2000,0.0495,0.7655,0
2000,100,20,"cloglog","Stukel",2000,0.05,0.995,0
2000,100,20,"cloglog","GiViTI",2000,0.0465,0.9935,0
2000,100,20,"probit","EDGE.poly2",2000,0.0475,0.054,0
2000,100,20,"probit","EDGE.poly3",2000,0.044,0.1205,0
2000,100,20,"probit","EDGE.stk",2000,0.048,0.112,0
2000,100,20,"probit","HL_F",2000,0.053,0.074,0
2000,100,20,"probit","HL",2000,0.0525,0.0645,0
2000,100,20,"probit","HL_w",2000,0.0495,0.0595,0
2000,100,20,"probit","Stukel",2000,0.05,0.126,0
2000,100,20,"probit","GiViTI",2000,0.0465,0.0665,0
2000,200,10,"cloglog","EDGE.poly2",2000,0.0565,0.978,0
2000,200,10,"cloglog","EDGE.poly3",2000,0.054,0.981,0
2000,200,10,"cloglog","EDGE.stk",2000,0.052,0.986,0
2000,200,10,"cloglog","HL_F",2000,0.052,0.8985,0
2000,200,10,"cloglog","HL",2000,0.0515,0.849,0
2000,200,10,"cloglog","HL_w",2000,0.0385,0.845,0
2000,200,10,"cloglog","Stukel",2000,0.05,0.9975,0
2000,200,10,"cloglog","GiViTI",2000,0.051,0.994,0
2000,200,10,"probit","EDGE.poly2",2000,0.0565,0.051,0
2000,200,10,"probit","EDGE.poly3",2000,0.054,0.0895,0
2000,200,10,"probit","EDGE.stk",2000,0.052,0.121,0
2000,200,10,"probit","HL_F",2000,0.052,0.074,0
2000,200,10,"probit","HL",2000,0.0515,0.0665,0
2000,200,10,"probit","HL_w",2000,0.0385,0.0905,0
2000,200,10,"probit","Stukel",2000,0.05,0.1305,0
2000,200,10,"probit","GiViTI",2000,0.051,0.0645,0
5000,15,333,"cloglog","EDGE.poly2",2000,0.0435,1,0
5000,15,333,"cloglog","EDGE.poly3",2000,0.044,1,0
5000,15,333,"cloglog","EDGE.stk",2000,0.045,1,0
5000,15,333,"cloglog","HL_F",2000,0.0465,0.46,0
5000,15,333,"cloglog","HL",2000,0.046,0.032,0
5000,15,333,"cloglog","HL_w",2000,0.0445,0.6495,0
5000,15,333,"cloglog","Stukel",2000,0.044,1,0
5000,15,333,"cloglog","GiViTI",2000,0.0415,1,0
5000,15,333,"probit","EDGE.poly2",2000,0.0435,0.0895,0
5000,15,333,"probit","EDGE.poly3",2000,0.044,0.303,0
5000,15,333,"probit","EDGE.stk",2000,0.045,0.295,0
5000,15,333,"probit","HL_F",2000,0.0465,0.0555,0
5000,15,333,"probit","HL",2000,0.046,0.032,0
5000,15,333,"probit","HL_w",2000,0.0445,0.0615,0
5000,15,333,"probit","Stukel",2000,0.044,0.3105,0
5000,15,333,"probit","GiViTI",2000,0.0415,0.145,0
5000,25,200,"cloglog","EDGE.poly2",2000,0.0445,1,0
5000,25,200,"cloglog","EDGE.poly3",2000,0.042,1,0
5000,25,200,"cloglog","EDGE.stk",2000,0.0485,1,0
5000,25,200,"cloglog","HL_F",2000,0.047,0.6775,0
5000,25,200,"cloglog","HL",2000,0.045,0.187,0
5000,25,200,"cloglog","HL_w",2000,0.0445,0.782,0
5000,25,200,"cloglog","Stukel",2000,0.0445,1,0
5000,25,200,"cloglog","GiViTI",2000,0.0445,1,0
5000,25,200,"probit","EDGE.poly2",2000,0.0445,0.091,0
5000,25,200,"probit","EDGE.poly3",2000,0.042,0.271,0
5000,25,200,"probit","EDGE.stk",2000,0.0485,0.2695,0
5000,25,200,"probit","HL_F",2000,0.047,0.0725,0
5000,25,200,"probit","HL",2000,0.045,0.046,0
5000,25,200,"probit","HL_w",2000,0.0445,0.075,0
5000,25,200,"probit","Stukel",2000,0.0445,0.293,0
5000,25,200,"probit","GiViTI",2000,0.0445,0.13,0
5000,50,100,"cloglog","EDGE.poly2",2000,0.049,1,0
5000,50,100,"cloglog","EDGE.poly3",2000,0.0505,1,0
5000,50,100,"cloglog","EDGE.stk",2000,0.0435,1,0
5000,50,100,"cloglog","HL_F",2000,0.046,0.8915,0
5000,50,100,"cloglog","HL",2000,0.0465,0.6485,0
5000,50,100,"cloglog","HL_w",2000,0.0525,0.904,0
5000,50,100,"cloglog","Stukel",2000,0.049,1,0
5000,50,100,"cloglog","GiViTI",2000,0.0485,1,0
5000,50,100,"probit","EDGE.poly2",2000,0.049,0.075,0
5000,50,100,"probit","EDGE.poly3",2000,0.0505,0.2285,0
5000,50,100,"probit","EDGE.stk",2000,0.0435,0.2665,0
5000,50,100,"probit","HL_F",2000,0.046,0.0685,0
5000,50,100,"probit","HL",2000,0.0465,0.0525,0
5000,50,100,"probit","HL_w",2000,0.0525,0.062,0
5000,50,100,"probit","Stukel",2000,0.049,0.2545,0
5000,50,100,"probit","GiViTI",2000,0.0485,0.111,0
5000,100,50,"cloglog","EDGE.poly2",2000,0.056,1,0
5000,100,50,"cloglog","EDGE.poly3",2000,0.055,1,0
5000,100,50,"cloglog","EDGE.stk",2000,0.055,1,0
5000,100,50,"cloglog","HL_F",2000,0.054,0.975,0
5000,100,50,"cloglog","HL",2000,0.055,0.9315,0
5000,100,50,"cloglog","HL_w",2000,0.056,0.9805,0
5000,100,50,"cloglog","Stukel",2000,0.057,1,0
5000,100,50,"cloglog","GiViTI",2000,0.0545,1,0
5000,100,50,"probit","EDGE.poly2",2000,0.056,0.0785,0
5000,100,50,"probit","EDGE.poly3",2000,0.055,0.232,0
5000,100,50,"probit","EDGE.stk",2000,0.055,0.2575,0
5000,100,50,"probit","HL_F",2000,0.054,0.084,0
5000,100,50,"probit","HL",2000,0.055,0.0655,0
5000,100,50,"probit","HL_w",2000,0.056,0.069,0
5000,100,50,"probit","Stukel",2000,0.057,0.253,0
5000,100,50,"probit","GiViTI",2000,0.0545,0.1135,0
5000,200,25,"cloglog","EDGE.poly2",2000,0.0515,1,0
5000,200,25,"cloglog","EDGE.poly3",2000,0.0515,1,0
5000,200,25,"cloglog","EDGE.stk",2000,0.049,1,0
5000,200,25,"cloglog","HL_F",2000,0.04,0.999,0
5000,200,25,"cloglog","HL",2000,0.0395,0.999,0
5000,200,25,"cloglog","HL_w",2000,0.0395,0.9995,0
5000,200,25,"cloglog","Stukel",2000,0.053,1,0
5000,200,25,"cloglog","GiViTI",2000,0.0495,1,0
5000,200,25,"probit","EDGE.poly2",2000,0.0515,0.0715,0
5000,200,25,"probit","EDGE.poly3",2000,0.0515,0.226,0
5000,200,25,"probit","EDGE.stk",2000,0.049,0.2475,0
5000,200,25,"probit","HL_F",2000,0.04,0.1115,0
5000,200,25,"probit","HL",2000,0.0395,0.098,0
5000,200,25,"probit","HL_w",2000,0.0395,0.1055,0
5000,200,25,"probit","Stukel",2000,0.053,0.2365,0
5000,200,25,"probit","GiViTI",2000,0.0495,0.116,0
20000,15,400,"cloglog","EDGE.poly2",800,0.03375,1,0
20000,15,400,"cloglog","EDGE.poly3",800,0.03375,1,0
20000,15,400,"cloglog","EDGE.stk",800,0.035,1,0
20000,15,400,"cloglog","HL_F",800,0.05125,1,0
20000,15,400,"cloglog","HL",800,0.05,0.99125,0
20000,15,400,"cloglog","HL_w",800,0.0475,1,0
20000,15,400,"cloglog","Stukel",800,0.035,1,0
20000,15,400,"cloglog","GiViTI",800,0.0375,1,0
20000,15,400,"probit","EDGE.poly2",800,0.03375,0.275,0
20000,15,400,"probit","EDGE.poly3",800,0.03375,0.85,0
20000,15,400,"probit","EDGE.stk",800,0.035,0.87375,0
20000,15,400,"probit","HL_F",800,0.05125,0.0825,0
20000,15,400,"probit","HL",800,0.05,0.04125,0
20000,15,400,"probit","HL_w",800,0.0475,0.09125,0
20000,15,400,"probit","Stukel",800,0.035,0.8625,0
20000,15,400,"probit","GiViTI",800,0.0375,0.57625,0
20000,25,400,"cloglog","EDGE.poly2",800,0.05375,1,0
20000,25,400,"cloglog","EDGE.poly3",800,0.05875,1,0
20000,25,400,"cloglog","EDGE.stk",800,0.0475,1,0
20000,25,400,"cloglog","HL_F",800,0.05375,1,0
20000,25,400,"cloglog","HL",800,0.05375,0.99125,0
20000,25,400,"cloglog","HL_w",800,0.0525,1,0
20000,25,400,"cloglog","Stukel",800,0.05875,1,0
20000,25,400,"cloglog","GiViTI",800,0.0525,1,0
20000,25,400,"probit","EDGE.poly2",800,0.05375,0.2,0
20000,25,400,"probit","EDGE.poly3",800,0.05875,0.75625,0
20000,25,400,"probit","EDGE.stk",800,0.0475,0.83125,0
20000,25,400,"probit","HL_F",800,0.05375,0.08125,0
20000,25,400,"probit","HL",800,0.05375,0.05,0
20000,25,400,"probit","HL_w",800,0.0525,0.075,0
20000,25,400,"probit","Stukel",800,0.05875,0.77375,0
20000,25,400,"probit","GiViTI",800,0.0525,0.51,0
20000,50,400,"cloglog","EDGE.poly2",800,0.0625,1,0
20000,50,400,"cloglog","EDGE.poly3",800,0.055,1,0
20000,50,400,"cloglog","EDGE.stk",800,0.04625,1,0
20000,50,400,"cloglog","HL_F",800,0.04,1,0
20000,50,400,"cloglog","HL",800,0.04125,0.9925,0
20000,50,400,"cloglog","HL_w",800,0.04375,1,0
20000,50,400,"cloglog","Stukel",800,0.0525,1,0
20000,50,400,"cloglog","GiViTI",800,0.06375,1,0
20000,50,400,"probit","EDGE.poly2",800,0.0625,0.21875,0
20000,50,400,"probit","EDGE.poly3",800,0.055,0.8375,0
20000,50,400,"probit","EDGE.stk",800,0.04625,0.8775,0
20000,50,400,"probit","HL_F",800,0.04,0.1125,0
20000,50,400,"probit","HL",800,0.04125,0.0525,0
20000,50,400,"probit","HL_w",800,0.04375,0.10375,0
20000,50,400,"probit","Stukel",800,0.0525,0.855,0
20000,50,400,"probit","GiViTI",800,0.06375,0.54625,0
20000,100,200,"cloglog","EDGE.poly2",800,0.06,1,0
20000,100,200,"cloglog","EDGE.poly3",800,0.05625,1,0
20000,100,200,"cloglog","EDGE.stk",800,0.04875,1,0
20000,100,200,"cloglog","HL_F",800,0.04625,1,0
20000,100,200,"cloglog","HL",800,0.04875,1,0
20000,100,200,"cloglog","HL_w",800,0.065,1,0
20000,100,200,"cloglog","Stukel",800,0.05125,1,0
20000,100,200,"cloglog","GiViTI",800,0.06125,1,0
20000,100,200,"probit","EDGE.poly2",800,0.06,0.18875,0
20000,100,200,"probit","EDGE.poly3",800,0.05625,0.79125,0
20000,100,200,"probit","EDGE.stk",800,0.04875,0.85625,0
20000,100,200,"probit","HL_F",800,0.04625,0.115,0
20000,100,200,"probit","HL",800,0.04875,0.07625,0
20000,100,200,"probit","HL_w",800,0.065,0.125,0
20000,100,200,"probit","Stukel",800,0.05125,0.81875,0
20000,100,200,"probit","GiViTI",800,0.06125,0.5325,0
20000,200,100,"cloglog","EDGE.poly2",800,0.06625,1,0
20000,200,100,"cloglog","EDGE.poly3",800,0.07125,1,0
20000,200,100,"cloglog","EDGE.stk",800,0.06375,1,0
20000,200,100,"cloglog","HL_F",800,0.0375,1,0
20000,200,100,"cloglog","HL",800,0.0375,1,0
20000,200,100,"cloglog","HL_w",800,0.0475,1,0
20000,200,100,"cloglog","Stukel",800,0.06875,1,0
20000,200,100,"cloglog","GiViTI",800,0.06875,1,0
20000,200,100,"probit","EDGE.poly2",800,0.06625,0.16875,0
20000,200,100,"probit","EDGE.poly3",800,0.07125,0.7975,0
20000,200,100,"probit","EDGE.stk",800,0.06375,0.8475,0
20000,200,100,"probit","HL_F",800,0.0375,0.2025,0
20000,200,100,"probit","HL",800,0.0375,0.155,0
20000,200,100,"probit","HL_w",800,0.0475,0.1875,0
20000,200,100,"probit","Stukel",800,0.06875,0.81,0
20000,200,100,"probit","GiViTI",800,0.06875,0.51625,0
