"family","n","G","test","alpha","null_size","mcse","size_ok"
"quad",200,10,"DEF.poly2",0.01,0.0118,0.00107984998958189,TRUE
"quad",200,10,"DEF.poly2",0.05,0.0506,0.00219179469841498,TRUE
"quad",200,10,"DEF.poly2",0.1,0.0997,0.00299599582776746,TRUE
"quad",200,10,"DEF.poly3",0.01,0.0089,0.000939190608982011,TRUE
"quad",200,10,"DEF.poly3",0.05,0.0502,0.00218357413430366,TRUE
"quad",200,10,"DEF.poly3",0.1,0.0987,0.00298258797020306,TRUE
"quad",200,10,"DEF.stukel",0.01,0.0083,0.000907254650029417,TRUE
"quad",200,10,"DEF.stukel",0.05,0.0486,0.00215030323442997,TRUE
"quad",200,10,"DEF.stukel",0.1,0.0985,0.00297989513238302,TRUE
"quad",200,10,"EF",0.01,0.0091,0.000949588858401361,TRUE
"quad",200,10,"EF",0.05,0.0469,0.00211424667434999,TRUE
"quad",200,10,"EF",0.1,0.0968,0.00295685238048841,TRUE
"quad",200,10,"HL",0.01,0.0097,0.000980097444135021,TRUE
"quad",200,10,"HL",0.05,0.0465,0.00210565310533335,TRUE
"quad",200,10,"HL",0.1,0.0977,0.00296908588626197,TRUE
"quad",200,10,"HL-equalwidth",0.01,0.0088,0.000933946465275178,TRUE
"quad",200,10,"HL-equalwidth",0.05,0.0502,0.00218357413430366,TRUE
"quad",200,10,"HL-equalwidth",0.1,0.0992,0.0029893035978301,TRUE
"quad",200,10,"Pigeon-Heyse",0.01,0.005,0.000705336798983294,FALSE
"quad",200,10,"Pigeon-Heyse",0.05,0.0289,0.001675254905977,FALSE
"quad",200,10,"Pigeon-Heyse",0.1,0.0622,0.00241518446500469,FALSE
"quad",200,10,"Stukel",0.01,0.0247,0.00155209245858615,FALSE
"quad",200,10,"Stukel",0.05,0.0699,0.00254978410850801,FALSE
"quad",200,10,"Stukel",0.1,0.1161,0.00320344798615492,FALSE
"quad",200,10,"Tsiatis",0.01,0.009,0.000944404574321832,TRUE
"quad",200,10,"Tsiatis",0.05,0.0453,0.00207961318518613,TRUE
"quad",200,10,"Tsiatis",0.1,0.0955,0.0029390432116592,TRUE
"quad",200,10,"Xie",0.01,0.0058,0.000759365524632242,FALSE
"quad",200,10,"Xie",0.05,0.0363,0.00187035584849515,FALSE
"quad",200,10,"Xie",0.1,0.0758,0.00264677841913523,FALSE
"binint",200,10,"DEF.poly2",0.01,0.0109,0.00103832509360027,TRUE
"binint",200,10,"DEF.poly2",0.05,0.0536,0.0022522664140816,TRUE
"binint",200,10,"DEF.poly2",0.1,0.1005,0.00300665511823355,TRUE
"binint",200,10,"DEF.poly3",0.01,0.009,0.000944404574321832,TRUE
"binint",200,10,"DEF.poly3",0.05,0.048,0.00213766227454198,TRUE
"binint",200,10,"DEF.poly3",0.1,0.1008,0.00301063714186881,TRUE
"binint",200,10,"DEF.stukel",0.01,0.0096,0.000975081535052326,TRUE
"binint",200,10,"DEF.stukel",0.05,0.0483,0.00214399416976819,TRUE
"binint",200,10,"DEF.stukel",0.1,0.0966,0.00295412322017887,TRUE
"binint",200,10,"EF",0.01,0.008,0.000890842298052804,TRUE
"binint",200,10,"EF",0.05,0.0467,0.00210995521279481,TRUE
"binint",200,10,"EF",0.1,0.0936,0.00291271419813204,TRUE
"binint",200,10,"HL",0.01,0.0076,0.0008684607072286,TRUE
"binint",200,10,"HL",0.05,0.0464,0.00210349803898173,TRUE
"binint",200,10,"HL",0.1,0.0942,0.00292106761304835,TRUE
"binint",200,10,"HL-equalwidth",0.01,0.0093,0.000959870303739,TRUE
"binint",200,10,"HL-equalwidth",0.05,0.0545,0.00227001651976368,TRUE
"binint",200,10,"HL-equalwidth",0.1,0.1007,0.00300931071842042,TRUE
"binint",200,10,"Pigeon-Heyse",0.01,0.0045,0.000669309345519693,FALSE
"binint",200,10,"Pigeon-Heyse",0.05,0.0301,0.00170862488569024,FALSE
"binint",200,10,"Pigeon-Heyse",0.1,0.0628,0.0024260288539092,FALSE
"binint",200,10,"Stukel",0.01,0.0244,0.00154287523798913,FALSE
"binint",200,10,"Stukel",0.05,0.0717,0.0025799052308176,FALSE
"binint",200,10,"Stukel",0.1,0.1197,0.00324610397245683,FALSE
"binint",200,10,"Tsiatis",0.01,0.0078,0.000879724957017817,TRUE
"binint",200,10,"Tsiatis",0.05,0.0479,0.00213554653426237,TRUE
"binint",200,10,"Tsiatis",0.1,0.0987,0.00298258797020306,TRUE
"binint",200,10,"Xie",0.01,0.0039,0.000623280835578955,FALSE
"binint",200,10,"Xie",0.05,0.0278,0.00164399391726369,FALSE
"binint",200,10,"Xie",0.1,0.0584,0.00234498272914749,FALSE
"contint",200,10,"DEF.poly2",0.01,0.0104,0.00101448706250992,TRUE
"contint",200,10,"DEF.poly2",0.05,0.0548,0.0022758945494025,TRUE
"contint",200,10,"DEF.poly2",0.1,0.1087,0.00311262445534311,TRUE
"contint",200,10,"DEF.poly3",0.01,0.011,0.00104302444841912,TRUE
"contint",200,10,"DEF.poly3",0.05,0.0536,0.0022522664140816,TRUE
"contint",200,10,"DEF.poly3",0.1,0.1045,0.00305908074427597,TRUE
"contint",200,10,"DEF.stukel",0.01,0.0125,0.00111102430216445,TRUE
"contint",200,10,"DEF.stukel",0.05,0.0477,0.00213130734526956,TRUE
"contint",200,10,"DEF.stukel",0.1,0.0996,0.00299465924605789,TRUE
"contint",200,10,"EF",0.01,0.0076,0.0008684607072286,TRUE
"contint",200,10,"EF",0.05,0.0473,0.00212279791784334,TRUE
"contint",200,10,"EF",0.1,0.1001,0.003001332870576,TRUE
"contint",200,10,"HL",0.01,0.0073,0.000851276100921434,TRUE
"contint",200,10,"HL",0.05,0.0471,0.00211852755469453,TRUE
"contint",200,10,"HL",0.1,0.1004,0.00300532593906218,TRUE
"contint",200,10,"HL-equalwidth",0.01,0.0162,0.00126244049364713,FALSE
"contint",200,10,"HL-equalwidth",0.05,0.0597,0.0023693017958884,FALSE
"contint",200,10,"HL-equalwidth",0.1,0.1069,0.0030898606764707,TRUE
"contint",200,10,"Pigeon-Heyse",0.01,0.0042,0.000646711682281989,FALSE
"contint",200,10,"Pigeon-Heyse",0.05,0.0284,0.00166112732805165,FALSE
"contint",200,10,"Pigeon-Heyse",0.1,0.0646,0.00245818713689581,FALSE
"contint",200,10,"Stukel",0.01,0.0231,0.00150221136994765,FALSE
"contint",200,10,"Stukel",0.05,0.0707,0.00256323057878139,FALSE
"contint",200,10,"Stukel",0.1,0.1168,0.0032118181766719,FALSE
"contint",200,10,"Tsiatis",0.01,0.0099,0.000990049998737437,TRUE
"contint",200,10,"Tsiatis",0.05,0.0567,0.00231268480342653,FALSE
"contint",200,10,"Tsiatis",0.1,0.1053,0.00306939586889668,TRUE
"contint",200,10,"Xie",0.01,0.0051,0.000712319450808414,FALSE
"contint",200,10,"Xie",0.05,0.0282,0.00165543831053893,FALSE
"contint",200,10,"Xie",0.1,0.0628,0.0024260288539092,FALSE
"link",200,10,"DEF.poly2",0.01,0.0098,0.000985086798206128,TRUE
"link",200,10,"DEF.poly2",0.05,0.0513,0.00220608952674183,TRUE
"link",200,10,"DEF.poly2",0.1,0.1028,0.00303697481056396,TRUE
"link",200,10,"DEF.poly3",0.01,0.0092,0.000954743944730732,TRUE
"link",200,10,"DEF.poly3",0.05,0.0502,0.00218357413430366,TRUE
"link",200,10,"DEF.poly3",0.1,0.1027,0.00303566648365725,TRUE
"link",200,10,"DEF.stukel",0.01,0.0094,0.000964968393264774,TRUE
"link",200,10,"DEF.stukel",0.05,0.0469,0.00211424667434999,TRUE
"link",200,10,"DEF.stukel",0.1,0.1011,0.00301461092016864,TRUE
"link",200,10,"EF",0.01,0.0076,0.0008684607072286,TRUE
"link",200,10,"EF",0.05,0.0428,0.00202405928766921,FALSE
"link",200,10,"EF",0.1,0.0922,0.00289308071093774,TRUE
"link",200,10,"HL",0.01,0.0078,0.000879724957017817,TRUE
"link",200,10,"HL",0.05,0.0439,0.00204872618961149,TRUE
"link",200,10,"HL",0.1,0.0918,0.00288743415509341,TRUE
"link",200,10,"HL-equalwidth",0.01,0.0109,0.00103832509360027,TRUE
"link",200,10,"HL-equalwidth",0.05,0.0494,0.0021670173049609,TRUE
"link",200,10,"HL-equalwidth",0.1,0.0994,0.00299198328872338,TRUE
"link",200,10,"Pigeon-Heyse",0.01,0.0039,0.000623280835578955,FALSE
"link",200,10,"Pigeon-Heyse",0.05,0.027,0.00162083311910881,FALSE
"link",200,10,"Pigeon-Heyse",0.1,0.0592,0.00235998644063901,FALSE
"link",200,10,"Stukel",0.01,0.0239,0.00152737650891979,FALSE
"link",200,10,"Stukel",0.05,0.0741,0.00261933560278174,FALSE
"link",200,10,"Stukel",0.1,0.1177,0.00322252556235013,FALSE
"link",200,10,"Tsiatis",0.01,0.0104,0.00101448706250992,TRUE
"link",200,10,"Tsiatis",0.05,0.049,0.0021586801523153,TRUE
"link",200,10,"Tsiatis",0.1,0.1043,0.00305649325207827,TRUE
"link",200,10,"Xie",0.01,0.0046,0.000676671264352196,FALSE
"link",200,10,"Xie",0.05,0.028,0.0016497272501841,FALSE
"link",200,10,"Xie",0.1,0.0645,0.00245641507078914,FALSE
"rough",200,10,"DEF.poly2",0.01,0.0111,0.00104770177054351,TRUE
"rough",200,10,"DEF.poly2",0.05,0.0543,0.00226608715631151,TRUE
"rough",200,10,"DEF.poly2",0.1,0.1063,0.00308221203034444,TRUE
"rough",200,10,"DEF.poly3",0.01,0.0111,0.00104770177054351,TRUE
"rough",200,10,"DEF.poly3",0.05,0.0528,0.00223633986683599,TRUE
"rough",200,10,"DEF.poly3",0.1,0.0994,0.00299198328872338,TRUE
"rough",200,10,"DEF.stukel",0.01,0.0113,0.00105699148530156,TRUE
"rough",200,10,"DEF.stukel",0.05,0.048,0.00213766227454198,TRUE
"rough",200,10,"DEF.stukel",0.1,0.099,0.00298662016332844,TRUE
"rough",200,10,"EF",0.01,0.0077,0.000874111548945557,TRUE
"rough",200,10,"EF",0.05,0.0451,0.00207523468552354,TRUE
"rough",200,10,"EF",0.1,0.097,0.00295957767257425,TRUE
"rough",200,10,"HL",0.01,0.0082,0.000901818163489736,TRUE
"rough",200,10,"HL",0.05,0.0454,0.00208179826111946,TRUE
"rough",200,10,"HL",0.1,0.0976,0.00296773044598056,TRUE
"rough",200,10,"HL-equalwidth",0.01,0.0112,0.00105235735375394,TRUE
"rough",200,10,"HL-equalwidth",0.05,0.0497,0.00217324434889407,TRUE
"rough",200,10,"HL-equalwidth",0.1,0.0977,0.00296908588626197,TRUE
"rough",200,10,"Pigeon-Heyse",0.01,0.0033,0.000573507628545602,FALSE
"rough",200,10,"Pigeon-Heyse",0.05,0.0274,0.0016324594941376,FALSE
"rough",200,10,"Pigeon-Heyse",0.1,0.0619,0.00240973836754117,FALSE
"rough",200,10,"Stukel",0.01,0.0253,0.00157034741379097,FALSE
"rough",200,10,"Stukel",0.05,0.0719,0.00258322259977726,FALSE
"rough",200,10,"Stukel",0.1,0.1198,0.00324727516542716,FALSE
"rough",200,10,"Tsiatis",0.01,0.0094,0.000964968393264774,TRUE
"rough",200,10,"Tsiatis",0.05,0.0492,0.00216285367050108,TRUE
"rough",200,10,"Tsiatis",0.1,0.0994,0.00299198328872338,TRUE
"rough",200,10,"Xie",0.01,0.0073,0.000851276100921434,TRUE
"rough",200,10,"Xie",0.05,0.0365,0.00187530664159225,FALSE
"rough",200,10,"Xie",0.1,0.0793,0.00270206421093208,FALSE
"quad",500,10,"DEF.poly2",0.01,0.0091,0.000949588858401361,TRUE
"quad",500,10,"DEF.poly2",0.05,0.0525,0.00223033069296909,TRUE
"quad",500,10,"DEF.poly2",0.1,0.0975,0.00296637404923924,TRUE
"quad",500,10,"DEF.poly3",0.01,0.0084,0.000912657657613193,TRUE
"quad",500,10,"DEF.poly3",0.05,0.0481,0.00213977545550929,TRUE
"quad",500,10,"DEF.poly3",0.1,0.1017,0.00302253387077796,TRUE
"quad",500,10,"DEF.stukel",0.01,0.0099,0.000990049998737437,TRUE
"quad",500,10,"DEF.stukel",0.05,0.0466,0.00210780549387272,TRUE
"quad",500,10,"DEF.stukel",0.1,0.0959,0.00294454054140879,TRUE
"quad",500,10,"EF",0.01,0.0096,0.000975081535052326,TRUE
"quad",500,10,"EF",0.05,0.0481,0.00213977545550929,TRUE
"quad",500,10,"EF",0.1,0.0996,0.00299465924605789,TRUE
"quad",500,10,"HL",0.01,0.0098,0.000985086798206128,TRUE
"quad",500,10,"HL",0.05,0.0476,0.00212918388120895,TRUE
"quad",500,10,"HL",0.1,0.1003,0.00300399583887861,TRUE
"quad",500,10,"HL-equalwidth",0.01,0.0093,0.000959870303739,TRUE
"quad",500,10,"HL-equalwidth",0.05,0.0499,0.00217738352156895,TRUE
"quad",500,10,"HL-equalwidth",0.1,0.1015,0.00301989652140599,TRUE
"quad",500,10,"Pigeon-Heyse",0.01,0.0055,0.000739577582137263,FALSE
"quad",500,10,"Pigeon-Heyse",0.05,0.0286,0.00166679452842874,FALSE
"quad",500,10,"Pigeon-Heyse",0.1,0.0633,0.00243501765907354,FALSE
"quad",500,10,"Stukel",0.01,0.0227,0.00148945325539273,FALSE
"quad",500,10,"Stukel",0.05,0.07,0.00255147016443461,FALSE
"quad",500,10,"Stukel",0.1,0.1138,0.0031756819740018,FALSE
"quad",500,10,"Tsiatis",0.01,0.0083,0.000907254650029417,TRUE
"quad",500,10,"Tsiatis",0.05,0.049,0.0021586801523153,TRUE
"quad",500,10,"Tsiatis",0.1,0.0967,0.002955488284531,TRUE
"quad",500,10,"Xie",0.01,0.0061,0.000778639197574846,FALSE
"quad",500,10,"Xie",0.05,0.0389,0.00193356639399841,FALSE
"quad",500,10,"Xie",0.1,0.0809,0.00272681480852661,FALSE
"binint",500,10,"DEF.poly2",0.01,0.0098,0.000985086798206128,TRUE
"binint",500,10,"DEF.poly2",0.05,0.0479,0.00213554653426237,TRUE
"binint",500,10,"DEF.poly2",0.1,0.0992,0.0029893035978301,TRUE
"binint",500,10,"DEF.poly3",0.01,0.0097,0.000980097444135021,TRUE
"binint",500,10,"DEF.poly3",0.05,0.0484,0.00214609971809327,TRUE
"binint",500,10,"DEF.poly3",0.1,0.0983,0.00297719851538321,TRUE
"binint",500,10,"DEF.stukel",0.01,0.0103,0.00100964894889263,TRUE
"binint",500,10,"DEF.stukel",0.05,0.0486,0.00215030323442997,TRUE
"binint",500,10,"DEF.stukel",0.1,0.0943,0.00292245632987047,TRUE
"binint",500,10,"EF",0.01,0.0097,0.000980097444135021,TRUE
"binint",500,10,"EF",0.05,0.0498,0.00217531514958178,TRUE
"binint",500,10,"EF",0.1,0.0983,0.00297719851538321,TRUE
"binint",500,10,"HL",0.01,0.0098,0.000985086798206128,TRUE
"binint",500,10,"HL",0.05,0.05,0.00217944947177034,TRUE
"binint",500,10,"HL",0.1,0.0971,0.00296093887137171,TRUE
"binint",500,10,"HL-equalwidth",0.01,0.0101,0.000999899494949367,TRUE
"binint",500,10,"HL-equalwidth",0.05,0.048,0.00213766227454198,TRUE
"binint",500,10,"HL-equalwidth",0.1,0.0989,0.00298527703907024,TRUE
"binint",500,10,"Pigeon-Heyse",0.01,0.0059,0.000765845284636525,FALSE
"binint",500,10,"Pigeon-Heyse",0.05,0.0306,0.00172231356030196,FALSE
"binint",500,10,"Pigeon-Heyse",0.1,0.0652,0.00246878431621719,FALSE
"binint",500,10,"Stukel",0.01,0.0202,0.00140683900997946,FALSE
"binint",500,10,"Stukel",0.05,0.0698,0.00254809654448178,FALSE
"binint",500,10,"Stukel",0.1,0.1162,0.00320464600229105,FALSE
"binint",500,10,"Tsiatis",0.01,0.0089,0.000939190608982011,TRUE
"binint",500,10,"Tsiatis",0.05,0.0516,0.00221218082443547,TRUE
"binint",500,10,"Tsiatis",0.1,0.1041,0.00305390225776792,TRUE
"binint",500,10,"Xie",0.01,0.005,0.000705336798983294,FALSE
"binint",500,10,"Xie",0.05,0.0294,0.00168924953751659,FALSE
"binint",500,10,"Xie",0.1,0.0622,0.00241518446500469,FALSE
"contint",500,10,"DEF.poly2",0.01,0.008,0.000890842298052804,TRUE
"contint",500,10,"DEF.poly2",0.05,0.0438,0.00204649847300212,TRUE
"contint",500,10,"DEF.poly2",0.1,0.0903,0.00286611077943613,FALSE
"contint",500,10,"DEF.poly3",0.01,0.0086,0.000923365583070974,TRUE
"contint",500,10,"DEF.poly3",0.05,0.0475,0.00212705782714058,TRUE
"contint",500,10,"DEF.poly3",0.1,0.0982,0.00297584878648093,TRUE
"contint",500,10,"DEF.stukel",0.01,0.0105,0.00101930123123638,TRUE
"contint",500,10,"DEF.stukel",0.05,0.0485,0.00214820273717357,TRUE
"contint",500,10,"DEF.stukel",0.1,0.0973,0.0029636583811229,TRUE
"contint",500,10,"EF",0.01,0.0092,0.000954743944730732,TRUE
"contint",500,10,"EF",0.05,0.0457,0.00208833689810816,TRUE
"contint",500,10,"EF",0.1,0.0929,0.00290292249293707,TRUE
"contint",500,10,"HL",0.01,0.009,0.000944404574321832,TRUE
"contint",500,10,"HL",0.05,0.046,0.00209485083001153,TRUE
"contint",500,10,"HL",0.1,0.093,0.00290432436205049,TRUE
"contint",500,10,"HL-equalwidth",0.01,0.0136,0.00115823313715331,FALSE
"contint",500,10,"HL-equalwidth",0.05,0.055,0.0022798026230356,TRUE
"contint",500,10,"HL-equalwidth",0.1,0.1042,0.00305519819324377,TRUE
"contint",500,10,"Pigeon-Heyse",0.01,0.0051,0.000712319450808414,FALSE
"contint",500,10,"Pigeon-Heyse",0.05,0.029,0.0016780643611018,FALSE
"contint",500,10,"Pigeon-Heyse",0.1,0.0604,0.00238226446894546,FALSE
"contint",500,10,"Stukel",0.01,0.0202,0.00140683900997946,FALSE
"contint",500,10,"Stukel",0.05,0.064,0.00244752936652454,FALSE
"contint",500,10,"Stukel",0.1,0.1065,0.00308476498294441,TRUE
"contint",500,10,"Tsiatis",0.01,0.0075,0.00086277169633687,TRUE
"contint",500,10,"Tsiatis",0.05,0.0449,0.0020708449966137,TRUE
"contint",500,10,"Tsiatis",0.1,0.098,0.00297314648142334,TRUE
"contint",500,10,"Xie",0.01,0.0042,0.000646711682281989,FALSE
"contint",500,10,"Xie",0.05,0.0276,0.00163823807793617,FALSE
"contint",500,10,"Xie",0.1,0.0606,0.00238595138257258,FALSE
"link",500,10,"DEF.poly2",0.01,0.0092,0.000954743944730732,TRUE
"link",500,10,"DEF.poly2",0.05,0.0514,0.00220812227922278,TRUE
"link",500,10,"DEF.poly2",0.1,0.1,0.003,TRUE
"link",500,10,"DEF.poly3",0.01,0.0088,0.000933946465275178,TRUE
"link",500,10,"DEF.poly3",0.05,0.0496,0.00217117111255654,TRUE
"link",500,10,"DEF.poly3",0.1,0.0989,0.00298527703907024,TRUE
"link",500,10,"DEF.stukel",0.01,0.0095,0.000970038659023443,TRUE
"link",500,10,"DEF.stukel",0.05,0.0482,0.00214188608473934,TRUE
"link",500,10,"DEF.stukel",0.1,0.0947,0.00292800119535495,TRUE
"link",500,10,"EF",0.01,0.0092,0.000954743944730732,TRUE
"link",500,10,"EF",0.05,0.0426,0.00201953559017909,FALSE
"link",500,10,"EF",0.1,0.0932,0.00290712504031044,TRUE
"link",500,10,"HL",0.01,0.0087,0.000928671631956097,TRUE
"link",500,10,"HL",0.05,0.0428,0.00202405928766921,FALSE
"link",500,10,"HL",0.1,0.0927,0.00290011568734766,TRUE
"link",500,10,"HL-equalwidth",0.01,0.0114,0.00106160444610976,TRUE
"link",500,10,"HL-equalwidth",0.05,0.0518,0.00221623013245466,TRUE
"link",500,10,"HL-equalwidth",0.1,0.0987,0.00298258797020306,TRUE
"link",500,10,"Pigeon-Heyse",0.01,0.0046,0.000676671264352196,FALSE
"link",500,10,"Pigeon-Heyse",0.05,0.0276,0.00163823807793617,FALSE
"link",500,10,"Pigeon-Heyse",0.1,0.0589,0.00235437443920885,FALSE
"link",500,10,"Stukel",0.01,0.0227,0.00148945325539273,FALSE
"link",500,10,"Stukel",0.05,0.0716,0.00257824436390347,FALSE
"link",500,10,"Stukel",0.1,0.1147,0.00318659551873155,FALSE
"link",500,10,"Tsiatis",0.01,0.0101,0.000999899494949367,TRUE
"link",500,10,"Tsiatis",0.05,0.0512,0.00220405444578849,TRUE
"link",500,10,"Tsiatis",0.1,0.1046,0.00306037317985895,TRUE
"link",500,10,"Xie",0.01,0.005,0.000705336798983294,FALSE
"link",500,10,"Xie",0.05,0.0291,0.00168086852549508,FALSE
"link",500,10,"Xie",0.1,0.0621,0.00241337087908179,FALSE
"rough",500,10,"DEF.poly2",0.01,0.0107,0.00102885907684192,TRUE
"rough",500,10,"DEF.poly2",0.05,0.0482,0.00214188608473934,TRUE
"rough",500,10,"DEF.poly2",0.1,0.0983,0.00297719851538321,TRUE
"rough",500,10,"DEF.poly3",0.01,0.0092,0.000954743944730732,TRUE
"rough",500,10,"DEF.poly3",0.05,0.0507,0.00219384388687983,TRUE
"rough",500,10,"DEF.poly3",0.1,0.0991,0.00298796234916038,TRUE
"rough",500,10,"DEF.stukel",0.01,0.0107,0.00102885907684192,TRUE
"rough",500,10,"DEF.stukel",0.05,0.0501,0.00218151300706643,TRUE
"rough",500,10,"DEF.stukel",0.1,0.0961,0.00294728332536931,TRUE
"rough",500,10,"EF",0.01,0.0102,0.00100478654449589,TRUE
"rough",500,10,"EF",0.05,0.0496,0.00217117111255654,TRUE
"rough",500,10,"EF",0.1,0.0998,0.00299733147983335,TRUE
"rough",500,10,"HL",0.01,0.01,0.00099498743710662,TRUE
"rough",500,10,"HL",0.05,0.0493,0.00216493671962947,TRUE
"rough",500,10,"HL",0.1,0.0998,0.00299733147983335,TRUE
"rough",500,10,"HL-equalwidth",0.01,0.0106,0.00102409179276079,TRUE
"rough",500,10,"HL-equalwidth",0.05,0.0498,0.00217531514958178,TRUE
"rough",500,10,"HL-equalwidth",0.1,0.0994,0.00299198328872338,TRUE
"rough",500,10,"Pigeon-Heyse",0.01,0.0059,0.000765845284636525,FALSE
"rough",500,10,"Pigeon-Heyse",0.05,0.031,0.0017331762749357,FALSE
"rough",500,10,"Pigeon-Heyse",0.1,0.066,0.00248282097622845,FALSE
"rough",500,10,"Stukel",0.01,0.0241,0.00153359675273522,FALSE
"rough",500,10,"Stukel",0.05,0.0694,0.00254133114725334,FALSE
"rough",500,10,"Stukel",0.1,0.1156,0.00319744648117838,FALSE
"rough",500,10,"Tsiatis",0.01,0.0094,0.000964968393264774,TRUE
"rough",500,10,"Tsiatis",0.05,0.049,0.0021586801523153,TRUE
"rough",500,10,"Tsiatis",0.1,0.1024,0.00303173613627571,TRUE
"rough",500,10,"Xie",0.01,0.0053,0.000726079196782279,FALSE
"rough",500,10,"Xie",0.05,0.0386,0.00192639663620969,FALSE
"rough",500,10,"Xie",0.1,0.084,0.00277387815161373,FALSE
"quad",1000,10,"DEF.poly2",0.01,0.0081,0.000896347588829244,TRUE
"quad",1000,10,"DEF.poly2",0.05,0.0522,0.00222430123859157,TRUE
"quad",1000,10,"DEF.poly2",0.1,0.1026,0.00303435726307895,TRUE
"quad",1000,10,"DEF.poly3",0.01,0.0112,0.00105235735375394,TRUE
"quad",1000,10,"DEF.poly3",0.05,0.0501,0.00218151300706643,TRUE
"quad",1000,10,"DEF.poly3",0.1,0.1027,0.00303566648365725,TRUE
"quad",1000,10,"DEF.stukel",0.01,0.0133,0.00114556143440673,FALSE
"quad",1000,10,"DEF.stukel",0.05,0.0486,0.00215030323442997,TRUE
"quad",1000,10,"DEF.stukel",0.1,0.1022,0.00302911142086256,TRUE
"quad",1000,10,"EF",0.01,0.0116,0.00107076794871718,TRUE
"quad",1000,10,"EF",0.05,0.0525,0.00223033069296909,TRUE
"quad",1000,10,"EF",0.1,0.1071,0.00309240343422394,TRUE
"quad",1000,10,"HL",0.01,0.0117,0.00107531902243009,TRUE
"quad",1000,10,"HL",0.05,0.0526,0.00223233599621562,TRUE
"quad",1000,10,"HL",0.1,0.1062,0.00308093427388511,TRUE
"quad",1000,10,"HL-equalwidth",0.01,0.0108,0.00103360340556714,TRUE
"quad",1000,10,"HL-equalwidth",0.05,0.05,0.00217944947177034,TRUE
"quad",1000,10,"HL-equalwidth",0.1,0.1005,0.00300665511823355,TRUE
"quad",1000,10,"Pigeon-Heyse",0.01,0.0068,0.000821812630713352,FALSE
"quad",1000,10,"Pigeon-Heyse",0.05,0.0332,0.00179158477332221,FALSE
"quad",1000,10,"Pigeon-Heyse",0.1,0.0695,0.00254302477376844,FALSE
"quad",1000,10,"Stukel",0.01,0.0221,0.00147008809259854,FALSE
"quad",1000,10,"Stukel",0.05,0.0732,0.00260464508138825,FALSE
"quad",1000,10,"Stukel",0.1,0.1168,0.0032118181766719,FALSE
"quad",1000,10,"Tsiatis",0.01,0.0087,0.000928671631956097,TRUE
"quad",1000,10,"Tsiatis",0.05,0.0492,0.00216285367050108,TRUE
"quad",1000,10,"Tsiatis",0.1,0.1,0.003,TRUE
"quad",1000,10,"Xie",0.01,0.0073,0.000851276100921434,TRUE
"quad",1000,10,"Xie",0.05,0.0425,0.00201726919373692,FALSE
"quad",1000,10,"Xie",0.1,0.0843,0.00277837200532974,FALSE
"binint",1000,10,"DEF.poly2",0.01,0.0102,0.00100478654449589,TRUE
"binint",1000,10,"DEF.poly2",0.05,0.0503,0.0021856328602947,TRUE
"binint",1000,10,"DEF.poly2",0.1,0.0981,0.00297449810892527,TRUE
"binint",1000,10,"DEF.poly3",0.01,0.0097,0.000980097444135021,TRUE
"binint",1000,10,"DEF.poly3",0.05,0.0487,0.00215240121724552,TRUE
"binint",1000,10,"DEF.poly3",0.1,0.0979,0.00297179390267899,TRUE
"binint",1000,10,"DEF.stukel",0.01,0.0111,0.00104770177054351,TRUE
"binint",1000,10,"DEF.stukel",0.05,0.0484,0.00214609971809327,TRUE
"binint",1000,10,"DEF.stukel",0.1,0.0972,0.00296229910711258,TRUE
"binint",1000,10,"EF",0.01,0.0092,0.000954743944730732,TRUE
"binint",1000,10,"EF",0.05,0.0451,0.00207523468552354,TRUE
"binint",1000,10,"EF",0.1,0.0945,0.00292523076012816,TRUE
"binint",1000,10,"HL",0.01,0.0089,0.000939190608982011,TRUE
"binint",1000,10,"HL",0.05,0.0455,0.0020839805661282,TRUE
"binint",1000,10,"HL",0.1,0.0951,0.00293353012597451,TRUE
"binint",1000,10,"HL-equalwidth",0.01,0.0111,0.00104770177054351,TRUE
"binint",1000,10,"HL-equalwidth",0.05,0.0538,0.00225622605250449,TRUE
"binint",1000,10,"HL-equalwidth",0.1,0.1025,0.00303304714767179,TRUE
"binint",1000,10,"Pigeon-Heyse",0.01,0.0047,0.000683952483729681,FALSE
"binint",1000,10,"Pigeon-Heyse",0.05,0.0281,0.00165258554997918,FALSE
"binint",1000,10,"Pigeon-Heyse",0.1,0.0598,0.00237115921017548,FALSE
"binint",1000,10,"Stukel",0.01,0.0209,0.00143049606780305,FALSE
"binint",1000,10,"Stukel",0.05,0.0666,0.00249327976769555,FALSE
"binint",1000,10,"Stukel",0.1,0.1128,0.00316348162630985,FALSE
"binint",1000,10,"Tsiatis",0.01,0.0084,0.000912657657613193,TRUE
"binint",1000,10,"Tsiatis",0.05,0.0528,0.00223633986683599,TRUE
"binint",1000,10,"Tsiatis",0.1,0.1048,0.00306295543552302,TRUE
"binint",1000,10,"Xie",0.01,0.0055,0.000739577582137263,FALSE
"binint",1000,10,"Xie",0.05,0.0325,0.00177323856263053,FALSE
"binint",1000,10,"Xie",0.1,0.0639,0.00244574712511331,FALSE
"contint",1000,10,"DEF.poly2",0.01,0.0103,0.00100964894889263,TRUE
"contint",1000,10,"DEF.poly2",0.05,0.0505,0.00218974313562116,TRUE
"contint",1000,10,"DEF.poly2",0.1,0.1001,0.003001332870576,TRUE
"contint",1000,10,"DEF.poly3",0.01,0.0106,0.00102409179276079,TRUE
"contint",1000,10,"DEF.poly3",0.05,0.0501,0.00218151300706643,TRUE
"contint",1000,10,"DEF.poly3",0.1,0.0987,0.00298258797020306,TRUE
"contint",1000,10,"DEF.stukel",0.01,0.0111,0.00104770177054351,TRUE
"contint",1000,10,"DEF.stukel",0.05,0.0483,0.00214399416976819,TRUE
"contint",1000,10,"DEF.stukel",0.1,0.0989,0.00298527703907024,TRUE
"contint",1000,10,"EF",0.01,0.0077,0.000874111548945557,TRUE
"contint",1000,10,"EF",0.05,0.0458,0.00209051094232965,TRUE
"contint",1000,10,"EF",0.1,0.0939,0.00291689543864706,TRUE
"contint",1000,10,"HL",0.01,0.0077,0.000874111548945557,TRUE
"contint",1000,10,"HL",0.05,0.0459,0.00209268225012781,TRUE
"contint",1000,10,"HL",0.1,0.0945,0.00292523076012816,TRUE
"contint",1000,10,"HL-equalwidth",0.01,0.0102,0.00100478654449589,TRUE
"contint",1000,10,"HL-equalwidth",0.05,0.047,0.00211638843315682,TRUE
"contint",1000,10,"HL-equalwidth",0.1,0.0919,0.00288884734799193,TRUE
"contint",1000,10,"Pigeon-Heyse",0.01,0.0046,0.000676671264352196,FALSE
"contint",1000,10,"Pigeon-Heyse",0.05,0.0285,0.0016639636414297,FALSE
"contint",1000,10,"Pigeon-Heyse",0.1,0.0622,0.00241518446500469,FALSE
"contint",1000,10,"Stukel",0.01,0.0202,0.00140683900997946,FALSE
"contint",1000,10,"Stukel",0.05,0.0694,0.00254133114725334,FALSE
"contint",1000,10,"Stukel",0.1,0.1152,0.00319263151647665,FALSE
"contint",1000,10,"Tsiatis",0.01,0.0102,0.00100478654449589,TRUE
"contint",1000,10,"Tsiatis",0.05,0.0488,0.00215449669296567,TRUE
"contint",1000,10,"Tsiatis",0.1,0.103,0.00303958878797774,TRUE
"contint",1000,10,"Xie",0.01,0.0045,0.000669309345519693,FALSE
"contint",1000,10,"Xie",0.05,0.026,0.00159135162676261,FALSE
"contint",1000,10,"Xie",0.1,0.0585,0.0023468649300716,FALSE
"link",1000,10,"DEF.poly2",0.01,0.012,0.0010888526071053,TRUE
"link",1000,10,"DEF.poly2",0.05,0.0548,0.0022758945494025,TRUE
"link",1000,10,"DEF.poly2",0.1,0.1037,0.00304870972708128,TRUE
"link",1000,10,"DEF.poly3",0.01,0.0107,0.00102885907684192,TRUE
"link",1000,10,"DEF.poly3",0.05,0.0544,0.00226805290943576,TRUE
"link",1000,10,"DEF.poly3",0.1,0.1072,0.00309367354450983,TRUE
"link",1000,10,"DEF.stukel",0.01,0.011,0.00104302444841912,TRUE
"link",1000,10,"DEF.stukel",0.05,0.053,0.00224033479640879,TRUE
"link",1000,10,"DEF.stukel",0.1,0.1013,0.00301725554105051,TRUE
"link",1000,10,"EF",0.01,0.0088,0.000933946465275178,TRUE
"link",1000,10,"EF",0.05,0.0525,0.00223033069296909,TRUE
"link",1000,10,"EF",0.1,0.1003,0.00300399583887861,TRUE
"link",1000,10,"HL",0.01,0.009,0.000944404574321832,TRUE
"link",1000,10,"HL",0.05,0.0523,0.00222631332026739,TRUE
"link",1000,10,"HL",0.1,0.0991,0.00298796234916038,TRUE
"link",1000,10,"HL-equalwidth",0.01,0.0103,0.00100964894889263,TRUE
"link",1000,10,"HL-equalwidth",0.05,0.0512,0.00220405444578849,TRUE
"link",1000,10,"HL-equalwidth",0.1,0.098,0.00297314648142334,TRUE
"link",1000,10,"Pigeon-Heyse",0.01,0.0049,0.000698282893962039,FALSE
"link",1000,10,"Pigeon-Heyse",0.05,0.034,0.00181229136730273,FALSE
"link",1000,10,"Pigeon-Heyse",0.1,0.0694,0.00254133114725334,FALSE
"link",1000,10,"Stukel",0.01,0.0245,0.00154595439777504,FALSE
"link",1000,10,"Stukel",0.05,0.0715,0.0025765820382825,FALSE
"link",1000,10,"Stukel",0.1,0.1197,0.00324610397245683,FALSE
"link",1000,10,"Tsiatis",0.01,0.0092,0.000954743944730732,TRUE
"link",1000,10,"Tsiatis",0.05,0.0485,0.00214820273717357,TRUE
"link",1000,10,"Tsiatis",0.1,0.1007,0.00300931071842042,TRUE
"link",1000,10,"Xie",0.01,0.0063,0.000791221208006964,FALSE
"link",1000,10,"Xie",0.05,0.0291,0.00168086852549508,FALSE
"link",1000,10,"Xie",0.1,0.0628,0.0024260288539092,FALSE
"rough",1000,10,"DEF.poly2",0.01,0.0108,0.00103360340556714,TRUE
"rough",1000,10,"DEF.poly2",0.05,0.0516,0.00221218082443547,TRUE
"rough",1000,10,"DEF.poly2",0.1,0.1003,0.00300399583887861,TRUE
"rough",1000,10,"DEF.poly3",0.01,0.011,0.00104302444841912,TRUE
"rough",1000,10,"DEF.poly3",0.05,0.0516,0.00221218082443547,TRUE
"rough",1000,10,"DEF.poly3",0.1,0.1024,0.00303173613627571,TRUE
"rough",1000,10,"DEF.stukel",0.01,0.0099,0.000990049998737437,TRUE
"rough",1000,10,"DEF.stukel",0.05,0.0498,0.00217531514958178,TRUE
"rough",1000,10,"DEF.stukel",0.1,0.098,0.00297314648142334,TRUE
"rough",1000,10,"EF",0.01,0.0091,0.000949588858401361,TRUE
"rough",1000,10,"EF",0.05,0.0502,0.00218357413430366,TRUE
"rough",1000,10,"EF",0.1,0.1018,0.00302385118681459,TRUE
"rough",1000,10,"HL",0.01,0.0087,0.000928671631956097,TRUE
"rough",1000,10,"HL",0.05,0.0502,0.00218357413430366,TRUE
"rough",1000,10,"HL",0.1,0.1029,0.00303828224495355,TRUE
"rough",1000,10,"HL-equalwidth",0.01,0.0114,0.00106160444610976,TRUE
"rough",1000,10,"HL-equalwidth",0.05,0.0532,0.00224432083267968,TRUE
"rough",1000,10,"HL-equalwidth",0.1,0.1019,0.00302516759866292,TRUE
"rough",1000,10,"Pigeon-Heyse",0.01,0.0052,0.000719232924719107,FALSE
"rough",1000,10,"Pigeon-Heyse",0.05,0.0299,0.00170311449996763,FALSE
"rough",1000,10,"Pigeon-Heyse",0.1,0.0682,0.00252088793880252,FALSE
"rough",1000,10,"Stukel",0.01,0.0238,0.00152425588402997,FALSE
"rough",1000,10,"Stukel",0.05,0.0707,0.00256323057878139,FALSE
"rough",1000,10,"Stukel",0.1,0.1174,0.00321896318711476,FALSE
"rough",1000,10,"Tsiatis",0.01,0.0107,0.00102885907684192,TRUE
"rough",1000,10,"Tsiatis",0.05,0.0522,0.00222430123859157,TRUE
"rough",1000,10,"Tsiatis",0.1,0.1024,0.00303173613627571,TRUE
"rough",1000,10,"Xie",0.01,0.0079,0.000885301643509149,TRUE
"rough",1000,10,"Xie",0.05,0.0401,0.00196193756271702,FALSE
"rough",1000,10,"Xie",0.1,0.0825,0.00275124971603815,FALSE
"quad",2000,10,"DEF.poly2",0.01,0.0091,0.000949588858401361,TRUE
"quad",2000,10,"DEF.poly2",0.05,0.0464,0.00210349803898173,TRUE
"quad",2000,10,"DEF.poly2",0.1,0.097,0.00295957767257425,TRUE
"quad",2000,10,"DEF.poly3",0.01,0.0096,0.000975081535052326,TRUE
"quad",2000,10,"DEF.poly3",0.05,0.0465,0.00210565310533335,TRUE
"quad",2000,10,"DEF.poly3",0.1,0.0933,0.00290852385240348,TRUE
"quad",2000,10,"DEF.stukel",0.01,0.0111,0.00104770177054351,TRUE
"quad",2000,10,"DEF.stukel",0.05,0.0441,0.0020531729103999,TRUE
"quad",2000,10,"DEF.stukel",0.1,0.0925,0.0028973047820345,TRUE
"quad",2000,10,"EF",0.01,0.0109,0.00103832509360027,TRUE
"quad",2000,10,"EF",0.05,0.0518,0.00221623013245466,TRUE
"quad",2000,10,"EF",0.1,0.1013,0.00301725554105051,TRUE
"quad",2000,10,"HL",0.01,0.0109,0.00103832509360027,TRUE
"quad",2000,10,"HL",0.05,0.0519,0.00221825133832936,TRUE
"quad",2000,10,"HL",0.1,0.1013,0.00301725554105051,TRUE
"quad",2000,10,"HL-equalwidth",0.01,0.0099,0.000990049998737437,TRUE
"quad",2000,10,"HL-equalwidth",0.05,0.0498,0.00217531514958178,TRUE
"quad",2000,10,"HL-equalwidth",0.1,0.0997,0.00299599582776746,TRUE
"quad",2000,10,"Pigeon-Heyse",0.01,0.0066,0.000809718469592981,FALSE
"quad",2000,10,"Pigeon-Heyse",0.05,0.0326,0.00177587274318854,FALSE
"quad",2000,10,"Pigeon-Heyse",0.1,0.0688,0.00253113729378712,FALSE
"quad",2000,10,"Stukel",0.01,0.0207,0.00142378053084034,FALSE
"quad",2000,10,"Stukel",0.05,0.0669,0.00249848734237338,FALSE
"quad",2000,10,"Stukel",0.1,0.1086,0.00311136690218303,TRUE
"quad",2000,10,"Tsiatis",0.01,0.0094,0.000964968393264774,TRUE
"quad",2000,10,"Tsiatis",0.05,0.0478,0.00213342822705616,TRUE
"quad",2000,10,"Tsiatis",0.1,0.0989,0.00298527703907024,TRUE
"quad",2000,10,"Xie",0.01,0.0073,0.000851276100921434,TRUE
"quad",2000,10,"Xie",0.05,0.04,0.00195959179422654,FALSE
"quad",2000,10,"Xie",0.1,0.0799,0.00271138322632563,FALSE
"binint",2000,10,"DEF.poly2",0.01,0.0111,0.00104770177054351,TRUE
"binint",2000,10,"DEF.poly2",0.05,0.0482,0.00214188608473934,TRUE
"binint",2000,10,"DEF.poly2",0.1,0.0946,0.00292661647641094,TRUE
"binint",2000,10,"DEF.poly3",0.01,0.0118,0.00107984998958189,TRUE
"binint",2000,10,"DEF.poly3",0.05,0.0473,0.00212279791784334,TRUE
"binint",2000,10,"DEF.poly3",0.1,0.0969,0.00295821550939075,TRUE
"binint",2000,10,"DEF.stukel",0.01,0.0124,0.00110662730853707,TRUE
"binint",2000,10,"DEF.stukel",0.05,0.0509,0.00219793516737869,TRUE
"binint",2000,10,"DEF.stukel",0.1,0.0965,0.00295275718608896,TRUE
"binint",2000,10,"EF",0.01,0.0107,0.00102885907684192,TRUE
"binint",2000,10,"EF",0.05,0.0491,0.00216076815045021,TRUE
"binint",2000,10,"EF",0.1,0.0973,0.0029636583811229,TRUE
"binint",2000,10,"HL",0.01,0.0107,0.00102885907684192,TRUE
"binint",2000,10,"HL",0.05,0.0489,0.00215658966889856,TRUE
"binint",2000,10,"HL",0.1,0.097,0.00295957767257425,TRUE
"binint",2000,10,"HL-equalwidth",0.01,0.0117,0.00107531902243009,TRUE
"binint",2000,10,"HL-equalwidth",0.05,0.0524,0.00222832313635164,TRUE
"binint",2000,10,"HL-equalwidth",0.1,0.0978,0.00297044037139277,TRUE
"binint",2000,10,"Pigeon-Heyse",0.01,0.0059,0.000765845284636525,FALSE
"binint",2000,10,"Pigeon-Heyse",0.05,0.031,0.0017331762749357,FALSE
"binint",2000,10,"Pigeon-Heyse",0.1,0.0645,0.00245641507078914,FALSE
"binint",2000,10,"Stukel",0.01,0.0208,0.00142714259974258,FALSE
"binint",2000,10,"Stukel",0.05,0.0638,0.00244396317484532,FALSE
"binint",2000,10,"Stukel",0.1,0.108,0.00310380411753061,TRUE
"binint",2000,10,"Tsiatis",0.01,0.0102,0.00100478654449589,TRUE
"binint",2000,10,"Tsiatis",0.05,0.0473,0.00212279791784334,TRUE
"binint",2000,10,"Tsiatis",0.1,0.0987,0.00298258797020306,TRUE
"binint",2000,10,"Xie",0.01,0.0048,0.000691155554126566,FALSE
"binint",2000,10,"Xie",0.05,0.0268,0.00161498482965011,FALSE
"binint",2000,10,"Xie",0.1,0.0585,0.0023468649300716,FALSE
"contint",2000,10,"DEF.poly2",0.01,0.0107,0.00102885907684192,TRUE
"contint",2000,10,"DEF.poly2",0.05,0.049,0.0021586801523153,TRUE
"contint",2000,10,"DEF.poly2",0.1,0.097,0.00295957767257425,TRUE
"contint",2000,10,"DEF.poly3",0.01,0.0099,0.000990049998737437,TRUE
"contint",2000,10,"DEF.poly3",0.05,0.0473,0.00212279791784334,TRUE
"contint",2000,10,"DEF.poly3",0.1,0.0987,0.00298258797020306,TRUE
"contint",2000,10,"DEF.stukel",0.01,0.0108,0.00103360340556714,TRUE
"contint",2000,10,"DEF.stukel",0.05,0.0482,0.00214188608473934,TRUE
"contint",2000,10,"DEF.stukel",0.1,0.0945,0.00292523076012816,TRUE
"contint",2000,10,"EF",0.01,0.0088,0.000933946465275178,TRUE
"contint",2000,10,"EF",0.05,0.049,0.0021586801523153,TRUE
"contint",2000,10,"EF",0.1,0.1004,0.00300532593906218,TRUE
"contint",2000,10,"HL",0.01,0.0088,0.000933946465275178,TRUE
"contint",2000,10,"HL",0.05,0.0488,0.00215449669296567,TRUE
"contint",2000,10,"HL",0.1,0.1003,0.00300399583887861,TRUE
"contint",2000,10,"HL-equalwidth",0.01,0.0101,0.000999899494949367,TRUE
"contint",2000,10,"HL-equalwidth",0.05,0.0469,0.00211424667434999,TRUE
"contint",2000,10,"HL-equalwidth",0.1,0.0936,0.00291271419813204,TRUE
"contint",2000,10,"Pigeon-Heyse",0.01,0.0048,0.000691155554126566,FALSE
"contint",2000,10,"Pigeon-Heyse",0.05,0.0314,0.00174396215555269,FALSE
"contint",2000,10,"Pigeon-Heyse",0.1,0.067,0.00250021999032085,FALSE
"contint",2000,10,"Stukel",0.01,0.022,0.00146683332386471,FALSE
"contint",2000,10,"Stukel",0.05,0.0675,0.00250885930255166,FALSE
"contint",2000,10,"Stukel",0.1,0.1149,0.00318901222951559,FALSE
"contint",2000,10,"Tsiatis",0.01,0.009,0.000944404574321832,TRUE
"contint",2000,10,"Tsiatis",0.05,0.0521,0.00222228688517032,TRUE
"contint",2000,10,"Tsiatis",0.1,0.1043,0.00305649325207827,TRUE
"contint",2000,10,"Xie",0.01,0.0052,0.000719232924719107,FALSE
"contint",2000,10,"Xie",0.05,0.0289,0.001675254905977,FALSE
"contint",2000,10,"Xie",0.1,0.0646,0.00245818713689581,FALSE
"link",2000,10,"DEF.poly2",0.01,0.0094,0.000964968393264774,TRUE
"link",2000,10,"DEF.poly2",0.05,0.0486,0.00215030323442997,TRUE
"link",2000,10,"DEF.poly2",0.1,0.0984,0.00297854729692177,TRUE
"link",2000,10,"DEF.poly3",0.01,0.0106,0.00102409179276079,TRUE
"link",2000,10,"DEF.poly3",0.05,0.0487,0.00215240121724552,TRUE
"link",2000,10,"DEF.poly3",0.1,0.1023,0.00303042422772786,TRUE
"link",2000,10,"DEF.stukel",0.01,0.0116,0.00107076794871718,TRUE
"link",2000,10,"DEF.stukel",0.05,0.0504,0.00218768919181862,TRUE
"link",2000,10,"DEF.stukel",0.1,0.0974,0.00296501669472534,TRUE
"link",2000,10,"EF",0.01,0.009,0.000944404574321832,TRUE
"link",2000,10,"EF",0.05,0.0488,0.00215449669296567,TRUE
"link",2000,10,"EF",0.1,0.099,0.00298662016332844,TRUE
"link",2000,10,"HL",0.01,0.009,0.000944404574321832,TRUE
"link",2000,10,"HL",0.05,0.0485,0.00214820273717357,TRUE
"link",2000,10,"HL",0.1,0.0987,0.00298258797020306,TRUE
"link",2000,10,"HL-equalwidth",0.01,0.0095,0.000970038659023443,TRUE
"link",2000,10,"HL-equalwidth",0.05,0.0476,0.00212918388120895,TRUE
"link",2000,10,"HL-equalwidth",0.1,0.0971,0.00296093887137171,TRUE
"link",2000,10,"Pigeon-Heyse",0.01,0.0056,0.000746233207516256,FALSE
"link",2000,10,"Pigeon-Heyse",0.05,0.0308,0.00172775461220626,FALSE
"link",2000,10,"Pigeon-Heyse",0.1,0.0657,0.00247756957520874,FALSE
"link",2000,10,"Stukel",0.01,0.0215,0.00145043958853859,FALSE
"link",2000,10,"Stukel",0.05,0.0711,0.00256991809207998,FALSE
"link",2000,10,"Stukel",0.1,0.1155,0.00319624388931758,FALSE
"link",2000,10,"Tsiatis",0.01,0.0109,0.00103832509360027,TRUE
"link",2000,10,"Tsiatis",0.05,0.0529,0.00223833844625874,TRUE
"link",2000,10,"Tsiatis",0.1,0.104,0.00305260544453423,TRUE
"link",2000,10,"Xie",0.01,0.0058,0.000759365524632242,FALSE
"link",2000,10,"Xie",0.05,0.0323,0.00176795673023974,FALSE
"link",2000,10,"Xie",0.1,0.0654,0.00247230337944193,FALSE
"rough",2000,10,"DEF.poly2",0.01,0.0099,0.000990049998737437,TRUE
"rough",2000,10,"DEF.poly2",0.05,0.0489,0.00215658966889856,TRUE
"rough",2000,10,"DEF.poly2",0.1,0.0925,0.0028973047820345,TRUE
"rough",2000,10,"DEF.poly3",0.01,0.012,0.0010888526071053,TRUE
"rough",2000,10,"DEF.poly3",0.05,0.0501,0.00218151300706643,TRUE
"rough",2000,10,"DEF.poly3",0.1,0.099,0.00298662016332844,TRUE
"rough",2000,10,"DEF.stukel",0.01,0.0124,0.00110662730853707,TRUE
"rough",2000,10,"DEF.stukel",0.05,0.0512,0.00220405444578849,TRUE
"rough",2000,10,"DEF.stukel",0.1,0.1004,0.00300532593906218,TRUE
"rough",2000,10,"EF",0.01,0.01,0.00099498743710662,TRUE
"rough",2000,10,"EF",0.05,0.0493,0.00216493671962947,TRUE
"rough",2000,10,"EF",0.1,0.0962,0.0029486532519101,TRUE
"rough",2000,10,"HL",0.01,0.01,0.00099498743710662,TRUE
"rough",2000,10,"HL",0.05,0.0491,0.00216076815045021,TRUE
"rough",2000,10,"HL",0.1,0.0964,0.00295139018091475,TRUE
"rough",2000,10,"HL-equalwidth",0.01,0.012,0.0010888526071053,TRUE
"rough",2000,10,"HL-equalwidth",0.05,0.0541,0.00226214919932351,TRUE
"rough",2000,10,"HL-equalwidth",0.1,0.103,0.00303958878797774,TRUE
"rough",2000,10,"Pigeon-Heyse",0.01,0.0058,0.000759365524632242,FALSE
"rough",2000,10,"Pigeon-Heyse",0.05,0.0321,0.00176265680153568,FALSE
"rough",2000,10,"Pigeon-Heyse",0.1,0.0649,0.00246349325146224,FALSE
"rough",2000,10,"Stukel",0.01,0.0227,0.00148945325539273,FALSE
"rough",2000,10,"Stukel",0.05,0.0676,0.00251058240255125,FALSE
"rough",2000,10,"Stukel",0.1,0.1105,0.00313511961494295,FALSE
"rough",2000,10,"Tsiatis",0.01,0.0117,0.00107531902243009,TRUE
"rough",2000,10,"Tsiatis",0.05,0.0492,0.00216285367050108,TRUE
"rough",2000,10,"Tsiatis",0.1,0.0966,0.00295412322017887,TRUE
"rough",2000,10,"Xie",0.01,0.0079,0.000885301643509149,TRUE
"rough",2000,10,"Xie",0.05,0.0411,0.00198521510169553,FALSE
"rough",2000,10,"Xie",0.1,0.0813,0.00273295279871424,FALSE
"quad",5000,10,"DEF.poly2",0.01,0.0104,0.00101448706250992,TRUE
"quad",5000,10,"DEF.poly2",0.05,0.0481,0.00213977545550929,TRUE
"quad",5000,10,"DEF.poly2",0.1,0.0982,0.00297584878648093,TRUE
"quad",5000,10,"DEF.poly3",0.01,0.0118,0.00107984998958189,TRUE
"quad",5000,10,"DEF.poly3",0.05,0.052,0.00222027025382047,TRUE
"quad",5000,10,"DEF.poly3",0.1,0.1009,0.0030119626491708,TRUE
"quad",5000,10,"DEF.stukel",0.01,0.0124,0.00110662730853707,TRUE
"quad",5000,10,"DEF.stukel",0.05,0.0501,0.00218151300706643,TRUE
"quad",5000,10,"DEF.stukel",0.1,0.0992,0.0029893035978301,TRUE
"quad",5000,10,"EF",0.01,0.0107,0.00102885907684192,TRUE
"quad",5000,10,"EF",0.05,0.0492,0.00216285367050108,TRUE
"quad",5000,10,"EF",0.1,0.0994,0.00299198328872338,TRUE
"quad",5000,10,"HL",0.01,0.0107,0.00102885907684192,TRUE
"quad",5000,10,"HL",0.05,0.0491,0.00216076815045021,TRUE
"quad",5000,10,"HL",0.1,0.0987,0.00298258797020306,TRUE
"quad",5000,10,"HL-equalwidth",0.01,0.0104,0.00101448706250992,TRUE
"quad",5000,10,"HL-equalwidth",0.05,0.0509,0.00219793516737869,TRUE
"quad",5000,10,"HL-equalwidth",0.1,0.0989,0.00298527703907024,TRUE
"quad",5000,10,"Pigeon-Heyse",0.01,0.0062,0.000784956049725079,FALSE
"quad",5000,10,"Pigeon-Heyse",0.05,0.0318,0.00175467261903752,FALSE
"quad",5000,10,"Pigeon-Heyse",0.1,0.0631,0.00243142735856945,FALSE
"quad",5000,10,"Stukel",0.01,0.0238,0.00152425588402997,FALSE
"quad",5000,10,"Stukel",0.05,0.0687,0.00252943294040384,FALSE
"quad",5000,10,"Stukel",0.1,0.1166,0.00320943047907257,FALSE
"quad",5000,10,"Tsiatis",0.01,0.0109,0.00103832509360027,TRUE
"quad",5000,10,"Tsiatis",0.05,0.0483,0.00214399416976819,TRUE
"quad",5000,10,"Tsiatis",0.1,0.1007,0.00300931071842042,TRUE
"quad",5000,10,"Xie",0.01,0.0066,0.000809718469592981,FALSE
"quad",5000,10,"Xie",0.05,0.0397,0.00195253450673733,FALSE
"quad",5000,10,"Xie",0.1,0.082,0.00274364720764168,FALSE
"binint",5000,10,"DEF.poly2",0.01,0.0103,0.00100964894889263,TRUE
"binint",5000,10,"DEF.poly2",0.05,0.0511,0.0022020170299069,TRUE
"binint",5000,10,"DEF.poly2",0.1,0.1009,0.0030119626491708,TRUE
"binint",5000,10,"DEF.poly3",0.01,0.0099,0.000990049998737437,TRUE
"binint",5000,10,"DEF.poly3",0.05,0.0533,0.00224631053062572,TRUE
"binint",5000,10,"DEF.poly3",0.1,0.0996,0.00299465924605789,TRUE
"binint",5000,10,"DEF.stukel",0.01,0.0104,0.00101448706250992,TRUE
"binint",5000,10,"DEF.stukel",0.05,0.0492,0.00216285367050108,TRUE
"binint",5000,10,"DEF.stukel",0.1,0.1002,0.00300266481645887,TRUE
"binint",5000,10,"EF",0.01,0.0092,0.000954743944730732,TRUE
"binint",5000,10,"EF",0.05,0.049,0.0021586801523153,TRUE
"binint",5000,10,"EF",0.1,0.1002,0.00300266481645887,TRUE
"binint",5000,10,"HL",0.01,0.009,0.000944404574321832,TRUE
"binint",5000,10,"HL",0.05,0.0486,0.00215030323442997,TRUE
"binint",5000,10,"HL",0.1,0.1005,0.00300665511823355,TRUE
"binint",5000,10,"HL-equalwidth",0.01,0.0094,0.000964968393264774,TRUE
"binint",5000,10,"HL-equalwidth",0.05,0.0515,0.00221015270965605,TRUE
"binint",5000,10,"HL-equalwidth",0.1,0.1027,0.00303566648365725,TRUE
"binint",5000,10,"Pigeon-Heyse",0.01,0.005,0.000705336798983294,FALSE
"binint",5000,10,"Pigeon-Heyse",0.05,0.0295,0.0016920328011005,FALSE
"binint",5000,10,"Pigeon-Heyse",0.1,0.0644,0.00245464131799332,FALSE
"binint",5000,10,"Stukel",0.01,0.0224,0.0014798053926108,FALSE
"binint",5000,10,"Stukel",0.05,0.068,0.00251745903640953,FALSE
"binint",5000,10,"Stukel",0.1,0.1177,0.00322252556235013,FALSE
"binint",5000,10,"Tsiatis",0.01,0.0111,0.00104770177054351,TRUE
"binint",5000,10,"Tsiatis",0.05,0.0516,0.00221218082443547,TRUE
"binint",5000,10,"Tsiatis",0.1,0.1004,0.00300532593906218,TRUE
"binint",5000,10,"Xie",0.01,0.0056,0.000746233207516256,FALSE
"binint",5000,10,"Xie",0.05,0.0314,0.00174396215555269,FALSE
"binint",5000,10,"Xie",0.1,0.0614,0.00240062575175724,FALSE
"contint",5000,10,"DEF.poly2",0.01,0.0099,0.000990049998737437,TRUE
"contint",5000,10,"DEF.poly2",0.05,0.0512,0.00220405444578849,TRUE
"contint",5000,10,"DEF.poly2",0.1,0.1031,0.00304089444078547,TRUE
"contint",5000,10,"DEF.poly3",0.01,0.0087,0.000928671631956097,TRUE
"contint",5000,10,"DEF.poly3",0.05,0.0516,0.00221218082443547,TRUE
"contint",5000,10,"DEF.poly3",0.1,0.1051,0.00306682229677561,TRUE
"contint",5000,10,"DEF.stukel",0.01,0.0092,0.000954743944730732,TRUE
"contint",5000,10,"DEF.stukel",0.05,0.052,0.00222027025382047,TRUE
"contint",5000,10,"DEF.stukel",0.1,0.1009,0.0030119626491708,TRUE
"contint",5000,10,"EF",0.01,0.0101,0.000999899494949367,TRUE
"contint",5000,10,"EF",0.05,0.047,0.00211638843315682,TRUE
"contint",5000,10,"EF",0.1,0.0969,0.00295821550939075,TRUE
"contint",5000,10,"HL",0.01,0.0101,0.000999899494949367,TRUE
"contint",5000,10,"HL",0.05,0.0472,0.00212066404694379,TRUE
"contint",5000,10,"HL",0.1,0.0971,0.00296093887137171,TRUE
"contint",5000,10,"HL-equalwidth",0.01,0.0088,0.000933946465275178,TRUE
"contint",5000,10,"HL-equalwidth",0.05,0.048,0.00213766227454198,TRUE
"contint",5000,10,"HL-equalwidth",0.1,0.0992,0.0029893035978301,TRUE
"contint",5000,10,"Pigeon-Heyse",0.01,0.0056,0.000746233207516256,FALSE
"contint",5000,10,"Pigeon-Heyse",0.05,0.029,0.0016780643611018,FALSE
"contint",5000,10,"Pigeon-Heyse",0.1,0.064,0.00244752936652454,FALSE
"contint",5000,10,"Stukel",0.01,0.0247,0.00155209245858615,FALSE
"contint",5000,10,"Stukel",0.05,0.069,0.00253454137863243,FALSE
"contint",5000,10,"Stukel",0.1,0.111,0.00314132137801913,FALSE
"contint",5000,10,"Tsiatis",0.01,0.0137,0.00116242462121206,FALSE
"contint",5000,10,"Tsiatis",0.05,0.0523,0.00222631332026739,TRUE
"contint",5000,10,"Tsiatis",0.1,0.1044,0.00305778743538527,TRUE
"contint",5000,10,"Xie",0.01,0.0056,0.000746233207516256,FALSE
"contint",5000,10,"Xie",0.05,0.0308,0.00172775461220626,FALSE
"contint",5000,10,"Xie",0.1,0.0641,0.00244930990280936,FALSE
"link",5000,10,"DEF.poly2",0.01,0.0105,0.00101930123123638,TRUE
"link",5000,10,"DEF.poly2",0.05,0.0488,0.00215449669296567,TRUE
"link",5000,10,"DEF.poly2",0.1,0.1,0.003,TRUE
"link",5000,10,"DEF.poly3",0.01,0.0086,0.000923365583070974,TRUE
"link",5000,10,"DEF.poly3",0.05,0.0475,0.00212705782714058,TRUE
"link",5000,10,"DEF.poly3",0.1,0.0963,0.00295002220330627,TRUE
"link",5000,10,"DEF.stukel",0.01,0.0087,0.000928671631956097,TRUE
"link",5000,10,"DEF.stukel",0.05,0.0472,0.00212066404694379,TRUE
"link",5000,10,"DEF.stukel",0.1,0.0959,0.00294454054140879,TRUE
"link",5000,10,"EF",0.01,0.0098,0.000985086798206128,TRUE
"link",5000,10,"EF",0.05,0.0487,0.00215240121724552,TRUE
"link",5000,10,"EF",0.1,0.1013,0.00301725554105051,TRUE
"link",5000,10,"HL",0.01,0.0097,0.000980097444135021,TRUE
"link",5000,10,"HL",0.05,0.0485,0.00214820273717357,TRUE
"link",5000,10,"HL",0.1,0.1016,0.0030212156493703,TRUE
"link",5000,10,"HL-equalwidth",0.01,0.0108,0.00103360340556714,TRUE
"link",5000,10,"HL-equalwidth",0.05,0.0516,0.00221218082443547,TRUE
"link",5000,10,"HL-equalwidth",0.1,0.1,0.003,TRUE
"link",5000,10,"Pigeon-Heyse",0.01,0.006,0.000772269383052313,FALSE
"link",5000,10,"Pigeon-Heyse",0.05,0.0302,0.0017113725485703,FALSE
"link",5000,10,"Pigeon-Heyse",0.1,0.0674,0.00250713461944109,FALSE
"link",5000,10,"Stukel",0.01,0.0231,0.00150221136994765,FALSE
"link",5000,10,"Stukel",0.05,0.0672,0.0025036804907975,FALSE
"link",5000,10,"Stukel",0.1,0.1134,0.00317081125266074,FALSE
"link",5000,10,"Tsiatis",0.01,0.0098,0.000985086798206128,TRUE
"link",5000,10,"Tsiatis",0.05,0.05,0.00217944947177034,TRUE
"link",5000,10,"Tsiatis",0.1,0.1016,0.0030212156493703,TRUE
"link",5000,10,"Xie",0.01,0.0045,0.000669309345519693,FALSE
"link",5000,10,"Xie",0.05,0.0289,0.001675254905977,FALSE
"link",5000,10,"Xie",0.1,0.0594,0.00236371825732256,FALSE
"rough",5000,10,"DEF.poly2",0.01,0.0107,0.00102885907684192,TRUE
"rough",5000,10,"DEF.poly2",0.05,0.0514,0.00220812227922278,TRUE
"rough",5000,10,"DEF.poly2",0.1,0.0991,0.00298796234916038,TRUE
"rough",5000,10,"DEF.poly3",0.01,0.0098,0.000985086798206128,TRUE
"rough",5000,10,"DEF.poly3",0.05,0.0499,0.00217738352156895,TRUE
"rough",5000,10,"DEF.poly3",0.1,0.1031,0.00304089444078547,TRUE
"rough",5000,10,"DEF.stukel",0.01,0.0105,0.00101930123123638,TRUE
"rough",5000,10,"DEF.stukel",0.05,0.0492,0.00216285367050108,TRUE
"rough",5000,10,"DEF.stukel",0.1,0.1006,0.00300798337761365,TRUE
"rough",5000,10,"EF",0.01,0.0103,0.00100964894889263,TRUE
"rough",5000,10,"EF",0.05,0.0455,0.0020839805661282,TRUE
"rough",5000,10,"EF",0.1,0.0966,0.00295412322017887,TRUE
"rough",5000,10,"HL",0.01,0.0103,0.00100964894889263,TRUE
"rough",5000,10,"HL",0.05,0.0452,0.00207742532958468,TRUE
"rough",5000,10,"HL",0.1,0.0956,0.0029404190177592,TRUE
"rough",5000,10,"HL-equalwidth",0.01,0.0094,0.000964968393264774,TRUE
"rough",5000,10,"HL-equalwidth",0.05,0.0483,0.00214399416976819,TRUE
"rough",5000,10,"HL-equalwidth",0.1,0.0961,0.00294728332536931,TRUE
"rough",5000,10,"Pigeon-Heyse",0.01,0.0054,0.000732860150369769,FALSE
"rough",5000,10,"Pigeon-Heyse",0.05,0.0301,0.00170862488569024,FALSE
"rough",5000,10,"Pigeon-Heyse",0.1,0.0627,0.00242422585581459,FALSE
"rough",5000,10,"Stukel",0.01,0.0246,0.00154902679124668,FALSE
"rough",5000,10,"Stukel",0.05,0.0693,0.0025396359975398,FALSE
"rough",5000,10,"Stukel",0.1,0.114,0.00317811264746862,FALSE
"rough",5000,10,"Tsiatis",0.01,0.0097,0.000980097444135021,TRUE
"rough",5000,10,"Tsiatis",0.05,0.0462,0.00209917983984222,TRUE
"rough",5000,10,"Tsiatis",0.1,0.0971,0.00296093887137171,TRUE
"rough",5000,10,"Xie",0.01,0.0079,0.000885301643509149,TRUE
"rough",5000,10,"Xie",0.05,0.0405,0.00197128765024286,FALSE
"rough",5000,10,"Xie",0.1,0.0798,0.00270983320519917,FALSE
"link",1000,6,"DEF.poly2",0.01,0.01,0.00099498743710662,TRUE
"link",1000,6,"DEF.poly2",0.05,0.0516,0.00221218082443547,TRUE
"link",1000,6,"DEF.poly2",0.1,0.1006,0.00300798337761365,TRUE
"link",1000,6,"DEF.poly3",0.01,0.0113,0.00105699148530156,TRUE
"link",1000,6,"DEF.poly3",0.05,0.0526,0.00223233599621562,TRUE
"link",1000,6,"DEF.poly3",0.1,0.1041,0.00305390225776792,TRUE
"link",1000,6,"DEF.stukel",0.01,0.0106,0.00102409179276079,TRUE
"link",1000,6,"DEF.stukel",0.05,0.0517,0.00221420662992414,TRUE
"link",1000,6,"DEF.stukel",0.1,0.0999,0.00299866620349782,TRUE
"link",1000,6,"EF",0.01,0.0103,0.00100964894889263,TRUE
"link",1000,6,"EF",0.05,0.0519,0.00221825133832936,TRUE
"link",1000,6,"EF",0.1,0.1001,0.003001332870576,TRUE
"link",1000,6,"HL",0.01,0.0105,0.00101930123123638,TRUE
"link",1000,6,"HL",0.05,0.0513,0.00220608952674183,TRUE
"link",1000,6,"HL",0.1,0.0995,0.00299332173345934,TRUE
"link",1000,6,"HL-equalwidth",0.01,0.0111,0.00104770177054351,TRUE
"link",1000,6,"HL-equalwidth",0.05,0.0503,0.0021856328602947,TRUE
"link",1000,6,"HL-equalwidth",0.1,0.0987,0.00298258797020306,TRUE
"link",1000,6,"Pigeon-Heyse",0.01,0.0054,0.000732860150369769,FALSE
"link",1000,6,"Pigeon-Heyse",0.05,0.0273,0.00162956159748565,FALSE
"link",1000,6,"Pigeon-Heyse",0.1,0.0573,0.00232414952186816,FALSE
"link",1000,6,"Stukel",0.01,0.0246,0.00154902679124668,FALSE
"link",1000,6,"Stukel",0.05,0.0699,0.00254978410850801,FALSE
"link",1000,6,"Stukel",0.1,0.1145,0.00318417571751309,FALSE
"link",1000,6,"Tsiatis",0.01,0.0115,0.00106619651096784,TRUE
"link",1000,6,"Tsiatis",0.05,0.052,0.00222027025382047,TRUE
"link",1000,6,"Tsiatis",0.1,0.1051,0.00306682229677561,TRUE
"link",1000,6,"Xie",0.01,0.0049,0.000698282893962039,FALSE
"link",1000,6,"Xie",0.05,0.0285,0.0016639636414297,FALSE
"link",1000,6,"Xie",0.1,0.0628,0.0024260288539092,FALSE
"quad",1000,6,"DEF.poly2",0.01,0.0125,0.00111102430216445,TRUE
"quad",1000,6,"DEF.poly2",0.05,0.0511,0.0022020170299069,TRUE
"quad",1000,6,"DEF.poly2",0.1,0.098,0.00297314648142334,TRUE
"quad",1000,6,"DEF.poly3",0.01,0.0103,0.00100964894889263,TRUE
"quad",1000,6,"DEF.poly3",0.05,0.0534,0.0022482980229498,TRUE
"quad",1000,6,"DEF.poly3",0.1,0.1039,0.00305130775242354,TRUE
"quad",1000,6,"DEF.stukel",0.01,0.0114,0.00106160444610976,TRUE
"quad",1000,6,"DEF.stukel",0.05,0.0499,0.00217738352156895,TRUE
"quad",1000,6,"DEF.stukel",0.1,0.1003,0.00300399583887861,TRUE
"quad",1000,6,"EF",0.01,0.0102,0.00100478654449589,TRUE
"quad",1000,6,"EF",0.05,0.0495,0.00216909543358516,TRUE
"quad",1000,6,"EF",0.1,0.0985,0.00297989513238302,TRUE
"quad",1000,6,"HL",0.01,0.0103,0.00100964894889263,TRUE
"quad",1000,6,"HL",0.05,0.0499,0.00217738352156895,TRUE
"quad",1000,6,"HL",0.1,0.1009,0.0030119626491708,TRUE
"quad",1000,6,"HL-equalwidth",0.01,0.0108,0.00103360340556714,TRUE
"quad",1000,6,"HL-equalwidth",0.05,0.051,0.00219997727260988,TRUE
"quad",1000,6,"HL-equalwidth",0.1,0.1061,0.00307965566257009,TRUE
"quad",1000,6,"Pigeon-Heyse",0.01,0.0054,0.000732860150369769,FALSE
"quad",1000,6,"Pigeon-Heyse",0.05,0.0269,0.00161791192590944,FALSE
"quad",1000,6,"Pigeon-Heyse",0.1,0.0576,0.00232985493110623,FALSE
"quad",1000,6,"Stukel",0.01,0.0262,0.00159729646590732,FALSE
"quad",1000,6,"Stukel",0.05,0.0757,0.00264517504146701,FALSE
"quad",1000,6,"Stukel",0.1,0.1189,0.00323670804985559,FALSE
"quad",1000,6,"Tsiatis",0.01,0.0097,0.000980097444135021,TRUE
"quad",1000,6,"Tsiatis",0.05,0.0497,0.00217324434889407,TRUE
"quad",1000,6,"Tsiatis",0.1,0.1015,0.00301989652140599,TRUE
"quad",1000,6,"Xie",0.01,0.0073,0.000851276100921434,TRUE
"quad",1000,6,"Xie",0.05,0.0377,0.00190469708877816,FALSE
"quad",1000,6,"Xie",0.1,0.0797,0.00270828192771727,FALSE
"link",1000,8,"DEF.poly2",0.01,0.01,0.00099498743710662,TRUE
"link",1000,8,"DEF.poly2",0.05,0.0514,0.00220812227922278,TRUE
"link",1000,8,"DEF.poly2",0.1,0.0996,0.00299465924605789,TRUE
"link",1000,8,"DEF.poly3",0.01,0.0109,0.00103832509360027,TRUE
"link",1000,8,"DEF.poly3",0.05,0.0508,0.00219589070766284,TRUE
"link",1000,8,"DEF.poly3",0.1,0.1041,0.00305390225776792,TRUE
"link",1000,8,"DEF.stukel",0.01,0.011,0.00104302444841912,TRUE
"link",1000,8,"DEF.stukel",0.05,0.0528,0.00223633986683599,TRUE
"link",1000,8,"DEF.stukel",0.1,0.1001,0.003001332870576,TRUE
"link",1000,8,"EF",0.01,0.0108,0.00103360340556714,TRUE
"link",1000,8,"EF",0.05,0.0509,0.00219793516737869,TRUE
"link",1000,8,"EF",0.1,0.105,0.00306553421119387,TRUE
"link",1000,8,"HL",0.01,0.0105,0.00101930123123638,TRUE
"link",1000,8,"HL",0.05,0.0513,0.00220608952674183,TRUE
"link",1000,8,"HL",0.1,0.1039,0.00305130775242354,TRUE
"link",1000,8,"HL-equalwidth",0.01,0.011,0.00104302444841912,TRUE
"link",1000,8,"HL-equalwidth",0.05,0.0495,0.00216909543358516,TRUE
"link",1000,8,"HL-equalwidth",0.1,0.0968,0.00295685238048841,TRUE
"link",1000,8,"Pigeon-Heyse",0.01,0.0058,0.000759365524632242,FALSE
"link",1000,8,"Pigeon-Heyse",0.05,0.0289,0.001675254905977,FALSE
"link",1000,8,"Pigeon-Heyse",0.1,0.0655,0.00247406042771796,FALSE
"link",1000,8,"Stukel",0.01,0.0218,0.00146029996918441,FALSE
"link",1000,8,"Stukel",0.05,0.0709,0.00256657729281625,FALSE
"link",1000,8,"Stukel",0.1,0.1139,0.00317689770058779,FALSE
"link",1000,8,"Tsiatis",0.01,0.0096,0.000975081535052326,TRUE
"link",1000,8,"Tsiatis",0.05,0.0537,0.00225424732449658,TRUE
"link",1000,8,"Tsiatis",0.1,0.1049,0.00306424525780819,TRUE
"link",1000,8,"Xie",0.01,0.0065,0.000803601269287201,FALSE
"link",1000,8,"Xie",0.05,0.0339,0.00180971793382284,FALSE
"link",1000,8,"Xie",0.1,0.068,0.00251745903640953,FALSE
"quad",1000,8,"DEF.poly2",0.01,0.0111,0.00104770177054351,TRUE
"quad",1000,8,"DEF.poly2",0.05,0.052,0.00222027025382047,TRUE
"quad",1000,8,"DEF.poly2",0.1,0.101,0.0030132872415354,TRUE
"quad",1000,8,"DEF.poly3",0.01,0.0099,0.000990049998737437,TRUE
"quad",1000,8,"DEF.poly3",0.05,0.0484,0.00214609971809327,TRUE
"quad",1000,8,"DEF.poly3",0.1,0.0989,0.00298527703907024,TRUE
"quad",1000,8,"DEF.stukel",0.01,0.0099,0.000990049998737437,TRUE
"quad",1000,8,"DEF.stukel",0.05,0.0473,0.00212279791784334,TRUE
"quad",1000,8,"DEF.stukel",0.1,0.0946,0.00292661647641094,TRUE
"quad",1000,8,"EF",0.01,0.0091,0.000949588858401361,TRUE
"quad",1000,8,"EF",0.05,0.0505,0.00218974313562116,TRUE
"quad",1000,8,"EF",0.1,0.1001,0.003001332870576,TRUE
"quad",1000,8,"HL",0.01,0.0094,0.000964968393264774,TRUE
"quad",1000,8,"HL",0.05,0.0504,0.00218768919181862,TRUE
"quad",1000,8,"HL",0.1,0.1003,0.00300399583887861,TRUE
"quad",1000,8,"HL-equalwidth",0.01,0.0099,0.000990049998737437,TRUE
"quad",1000,8,"HL-equalwidth",0.05,0.0537,0.00225424732449658,TRUE
"quad",1000,8,"HL-equalwidth",0.1,0.1043,0.00305649325207827,TRUE
"quad",1000,8,"Pigeon-Heyse",0.01,0.0051,0.000712319450808414,FALSE
"quad",1000,8,"Pigeon-Heyse",0.05,0.0277,0.0016411188256796,FALSE
"quad",1000,8,"Pigeon-Heyse",0.1,0.0614,0.00240062575175724,FALSE
"quad",1000,8,"Stukel",0.01,0.024,0.00153049011757672,FALSE
"quad",1000,8,"Stukel",0.05,0.0711,0.00256991809207998,FALSE
"quad",1000,8,"Stukel",0.1,0.1165,0.00320823549634375,FALSE
"quad",1000,8,"Tsiatis",0.01,0.0091,0.000949588858401361,TRUE
"quad",1000,8,"Tsiatis",0.05,0.0453,0.00207961318518613,TRUE
"quad",1000,8,"Tsiatis",0.1,0.0971,0.00296093887137171,TRUE
"quad",1000,8,"Xie",0.01,0.0064,0.000797435890840135,FALSE
"quad",1000,8,"Xie",0.05,0.0381,0.0019143769221342,FALSE
"quad",1000,8,"Xie",0.1,0.0823,0.00274821232804163,FALSE
"link",1000,12,"DEF.poly2",0.01,0.0115,0.00106619651096784,TRUE
"link",1000,12,"DEF.poly2",0.05,0.0514,0.00220812227922278,TRUE
"link",1000,12,"DEF.poly2",0.1,0.1032,0.00304219920452294,TRUE
"link",1000,12,"DEF.poly3",0.01,0.0108,0.00103360340556714,TRUE
"link",1000,12,"DEF.poly3",0.05,0.053,0.00224033479640879,TRUE
"link",1000,12,"DEF.poly3",0.1,0.1009,0.0030119626491708,TRUE
"link",1000,12,"DEF.stukel",0.01,0.0108,0.00103360340556714,TRUE
"link",1000,12,"DEF.stukel",0.05,0.0493,0.00216493671962947,TRUE
"link",1000,12,"DEF.stukel",0.1,0.0979,0.00297179390267899,TRUE
"link",1000,12,"EF",0.01,0.0109,0.00103832509360027,TRUE
"link",1000,12,"EF",0.05,0.0509,0.00219793516737869,TRUE
"link",1000,12,"EF",0.1,0.1005,0.00300665511823355,TRUE
"link",1000,12,"HL",0.01,0.0114,0.00106160444610976,TRUE
"link",1000,12,"HL",0.05,0.0512,0.00220405444578849,TRUE
"link",1000,12,"HL",0.1,0.0988,0.00298393297511858,TRUE
"link",1000,12,"HL-equalwidth",0.01,0.0096,0.000975081535052326,TRUE
"link",1000,12,"HL-equalwidth",0.05,0.0484,0.00214609971809327,TRUE
"link",1000,12,"HL-equalwidth",0.1,0.0967,0.002955488284531,TRUE
"link",1000,12,"Pigeon-Heyse",0.01,0.0062,0.000784956049725079,FALSE
"link",1000,12,"Pigeon-Heyse",0.05,0.0346,0.00182764438554113,FALSE
"link",1000,12,"Pigeon-Heyse",0.1,0.0698,0.00254809654448178,FALSE
"link",1000,12,"Stukel",0.01,0.0228,0.00149265401215419,FALSE
"link",1000,12,"Stukel",0.05,0.068,0.00251745903640953,FALSE
"link",1000,12,"Stukel",0.1,0.1138,0.0031756819740018,FALSE
"link",1000,12,"Tsiatis",0.01,0.0087,0.000928671631956097,TRUE
"link",1000,12,"Tsiatis",0.05,0.0509,0.00219793516737869,TRUE
"link",1000,12,"Tsiatis",0.1,0.1016,0.0030212156493703,TRUE
"link",1000,12,"Xie",0.01,0.0049,0.000698282893962039,FALSE
"link",1000,12,"Xie",0.05,0.0277,0.0016411188256796,FALSE
"link",1000,12,"Xie",0.1,0.0611,0.0023951365305552,FALSE
"quad",1000,12,"DEF.poly2",0.01,0.0094,0.000964968393264774,TRUE
"quad",1000,12,"DEF.poly2",0.05,0.0482,0.00214188608473934,TRUE
"quad",1000,12,"DEF.poly2",0.1,0.0951,0.00293353012597451,TRUE
"quad",1000,12,"DEF.poly3",0.01,0.0088,0.000933946465275178,TRUE
"quad",1000,12,"DEF.poly3",0.05,0.0478,0.00213342822705616,TRUE
"quad",1000,12,"DEF.poly3",0.1,0.098,0.00297314648142334,TRUE
"quad",1000,12,"DEF.stukel",0.01,0.01,0.00099498743710662,TRUE
"quad",1000,12,"DEF.stukel",0.05,0.0485,0.00214820273717357,TRUE
"quad",1000,12,"DEF.stukel",0.1,0.0977,0.00296908588626197,TRUE
"quad",1000,12,"EF",0.01,0.0105,0.00101930123123638,TRUE
"quad",1000,12,"EF",0.05,0.0521,0.00222228688517032,TRUE
"quad",1000,12,"EF",0.1,0.1009,0.0030119626491708,TRUE
"quad",1000,12,"HL",0.01,0.0107,0.00102885907684192,TRUE
"quad",1000,12,"HL",0.05,0.0504,0.00218768919181862,TRUE
"quad",1000,12,"HL",0.1,0.1,0.003,TRUE
"quad",1000,12,"HL-equalwidth",0.01,0.0104,0.00101448706250992,TRUE
"quad",1000,12,"HL-equalwidth",0.05,0.0536,0.0022522664140816,TRUE
"quad",1000,12,"HL-equalwidth",0.1,0.1017,0.00302253387077796,TRUE
"quad",1000,12,"Pigeon-Heyse",0.01,0.0061,0.000778639197574846,FALSE
"quad",1000,12,"Pigeon-Heyse",0.05,0.0329,0.00178374858093847,FALSE
"quad",1000,12,"Pigeon-Heyse",0.1,0.0677,0.00251230392269725,FALSE
"quad",1000,12,"Stukel",0.01,0.0224,0.0014798053926108,FALSE
"quad",1000,12,"Stukel",0.05,0.0677,0.00251230392269725,FALSE
"quad",1000,12,"Stukel",0.1,0.1146,0.0031853860048666,FALSE
"quad",1000,12,"Tsiatis",0.01,0.0098,0.000985086798206128,TRUE
"quad",1000,12,"Tsiatis",0.05,0.0504,0.00218768919181862,TRUE
"quad",1000,12,"Tsiatis",0.1,0.0958,0.00294316768125773,TRUE
"quad",1000,12,"Xie",0.01,0.0077,0.000874111548945557,TRUE
"quad",1000,12,"Xie",0.05,0.0397,0.00195253450673733,FALSE
"quad",1000,12,"Xie",0.1,0.0842,0.00277687522225973,FALSE
"link",1000,14,"DEF.poly2",0.01,0.0099,0.000990049998737437,TRUE
"link",1000,14,"DEF.poly2",0.05,0.0495,0.00216909543358516,TRUE
"link",1000,14,"DEF.poly2",0.1,0.1035,0.00304610817273451,TRUE
"link",1000,14,"DEF.poly3",0.01,0.01,0.00099498743710662,TRUE
"link",1000,14,"DEF.poly3",0.05,0.052,0.00222027025382047,TRUE
"link",1000,14,"DEF.poly3",0.1,0.1024,0.00303173613627571,TRUE
"link",1000,14,"DEF.stukel",0.01,0.0114,0.00106160444610976,TRUE
"link",1000,14,"DEF.stukel",0.05,0.0508,0.00219589070766284,TRUE
"link",1000,14,"DEF.stukel",0.1,0.099,0.00298662016332844,TRUE
"link",1000,14,"EF",0.01,0.0086,0.000923365583070974,TRUE
"link",1000,14,"EF",0.05,0.0484,0.00214609971809327,TRUE
"link",1000,14,"EF",0.1,0.0985,0.00297989513238302,TRUE
"link",1000,14,"HL",0.01,0.0089,0.000939190608982011,TRUE
"link",1000,14,"HL",0.05,0.0471,0.00211852755469453,TRUE
"link",1000,14,"HL",0.1,0.1008,0.00301063714186881,TRUE
"link",1000,14,"HL-equalwidth",0.01,0.0097,0.000980097444135021,TRUE
"link",1000,14,"HL-equalwidth",0.05,0.0477,0.00213130734526956,TRUE
"link",1000,14,"HL-equalwidth",0.1,0.1011,0.00301461092016864,TRUE
"link",1000,14,"Pigeon-Heyse",0.01,0.0049,0.000698282893962039,FALSE
"link",1000,14,"Pigeon-Heyse",0.05,0.031,0.0017331762749357,FALSE
"link",1000,14,"Pigeon-Heyse",0.1,0.0699,0.00254978410850801,FALSE
"link",1000,14,"Stukel",0.01,0.0212,0.00144050546684141,FALSE
"link",1000,14,"Stukel",0.05,0.0717,0.0025799052308176,FALSE
"link",1000,14,"Stukel",0.1,0.1192,0.00324023702836691,FALSE
"link",1000,14,"Tsiatis",0.01,0.0099,0.000990049998737437,TRUE
"link",1000,14,"Tsiatis",0.05,0.0521,0.00222228688517032,TRUE
"link",1000,14,"Tsiatis",0.1,0.1018,0.00302385118681459,TRUE
"link",1000,14,"Xie",0.01,0.0055,0.000739577582137263,FALSE
"link",1000,14,"Xie",0.05,0.0311,0.00173587989215844,FALSE
"link",1000,14,"Xie",0.1,0.0633,0.00243501765907354,FALSE
"quad",1000,14,"DEF.poly2",0.01,0.0092,0.000954743944730732,TRUE
"quad",1000,14,"DEF.poly2",0.05,0.0469,0.00211424667434999,TRUE
"quad",1000,14,"DEF.poly2",0.1,0.0962,0.0029486532519101,TRUE
"quad",1000,14,"DEF.poly3",0.01,0.0095,0.000970038659023443,TRUE
"quad",1000,14,"DEF.poly3",0.05,0.0518,0.00221623013245466,TRUE
"quad",1000,14,"DEF.poly3",0.1,0.1013,0.00301725554105051,TRUE
"quad",1000,14,"DEF.stukel",0.01,0.0109,0.00103832509360027,TRUE
"quad",1000,14,"DEF.stukel",0.05,0.0496,0.00217117111255654,TRUE
"quad",1000,14,"DEF.stukel",0.1,0.099,0.00298662016332844,TRUE
"quad",1000,14,"EF",0.01,0.0099,0.000990049998737437,TRUE
"quad",1000,14,"EF",0.05,0.048,0.00213766227454198,TRUE
"quad",1000,14,"EF",0.1,0.0996,0.00299465924605789,TRUE
"quad",1000,14,"HL",0.01,0.0099,0.000990049998737437,TRUE
"quad",1000,14,"HL",0.05,0.0475,0.00212705782714058,TRUE
"quad",1000,14,"HL",0.1,0.0989,0.00298527703907024,TRUE
"quad",1000,14,"HL-equalwidth",0.01,0.0099,0.000990049998737437,TRUE
"quad",1000,14,"HL-equalwidth",0.05,0.0496,0.00217117111255654,TRUE
"quad",1000,14,"HL-equalwidth",0.1,0.1013,0.00301725554105051,TRUE
"quad",1000,14,"Pigeon-Heyse",0.01,0.0064,0.000797435890840135,FALSE
"quad",1000,14,"Pigeon-Heyse",0.05,0.0322,0.00176530903810069,FALSE
"quad",1000,14,"Pigeon-Heyse",0.1,0.07,0.00255147016443461,FALSE
"quad",1000,14,"Stukel",0.01,0.0225,0.00148302899499639,FALSE
"quad",1000,14,"Stukel",0.05,0.0666,0.00249327976769555,FALSE
"quad",1000,14,"Stukel",0.1,0.1134,0.00317081125266074,FALSE
"quad",1000,14,"Tsiatis",0.01,0.0089,0.000939190608982011,TRUE
"quad",1000,14,"Tsiatis",0.05,0.0478,0.00213342822705616,TRUE
"quad",1000,14,"Tsiatis",0.1,0.0967,0.002955488284531,TRUE
"quad",1000,14,"Xie",0.01,0.0068,0.000821812630713352,FALSE
"quad",1000,14,"Xie",0.05,0.0384,0.00192159933388831,FALSE
"quad",1000,14,"Xie",0.1,0.0786,0.00269113433332489,FALSE
"link",1000,20,"DEF.poly2",0.01,0.0107,0.00102885907684192,TRUE
"link",1000,20,"DEF.poly2",0.05,0.0522,0.00222430123859157,TRUE
"link",1000,20,"DEF.poly2",0.1,0.0997,0.00299599582776746,TRUE
"link",1000,20,"DEF.poly3",0.01,0.0095,0.000970038659023443,TRUE
"link",1000,20,"DEF.poly3",0.05,0.0487,0.00215240121724552,TRUE
"link",1000,20,"DEF.poly3",0.1,0.1005,0.00300665511823355,TRUE
"link",1000,20,"DEF.stukel",0.01,0.0105,0.00101930123123638,TRUE
"link",1000,20,"DEF.stukel",0.05,0.0494,0.0021670173049609,TRUE
"link",1000,20,"DEF.stukel",0.1,0.0979,0.00297179390267899,TRUE
"link",1000,20,"EF",0.01,0.0091,0.000949588858401361,TRUE
"link",1000,20,"EF",0.05,0.0503,0.0021856328602947,TRUE
"link",1000,20,"EF",0.1,0.0991,0.00298796234916038,TRUE
"link",1000,20,"HL",0.01,0.0093,0.000959870303739,TRUE
"link",1000,20,"HL",0.05,0.0501,0.00218151300706643,TRUE
"link",1000,20,"HL",0.1,0.0983,0.00297719851538321,TRUE
"link",1000,20,"HL-equalwidth",0.01,0.0096,0.000975081535052326,TRUE
"link",1000,20,"HL-equalwidth",0.05,0.0505,0.00218974313562116,TRUE
"link",1000,20,"HL-equalwidth",0.1,0.0995,0.00299332173345934,TRUE
"link",1000,20,"Pigeon-Heyse",0.01,0.0063,0.000791221208006964,FALSE
"link",1000,20,"Pigeon-Heyse",0.05,0.036,0.0018629009635512,FALSE
"link",1000,20,"Pigeon-Heyse",0.1,0.0748,0.00263068356135815,FALSE
"link",1000,20,"Stukel",0.01,0.0239,0.00152737650891979,FALSE
"link",1000,20,"Stukel",0.05,0.0683,0.00252260004756997,FALSE
"link",1000,20,"Stukel",0.1,0.1155,0.00319624388931758,FALSE
"link",1000,20,"Tsiatis",0.01,0.0091,0.000949588858401361,TRUE
"link",1000,20,"Tsiatis",0.05,0.0498,0.00217531514958178,TRUE
"link",1000,20,"Tsiatis",0.1,0.0982,0.00297584878648093,TRUE
"link",1000,20,"Xie",0.01,0.0066,0.000809718469592981,FALSE
"link",1000,20,"Xie",0.05,0.0296,0.00169481090390639,FALSE
"link",1000,20,"Xie",0.1,0.0639,0.00244574712511331,FALSE
"quad",1000,20,"DEF.poly2",0.01,0.0087,0.000928671631956097,TRUE
"quad",1000,20,"DEF.poly2",0.05,0.0516,0.00221218082443547,TRUE
"quad",1000,20,"DEF.poly2",0.1,0.0996,0.00299465924605789,TRUE
"quad",1000,20,"DEF.poly3",0.01,0.0085,0.000918027777357526,TRUE
"quad",1000,20,"DEF.poly3",0.05,0.0474,0.00212492917529032,TRUE
"quad",1000,20,"DEF.poly3",0.1,0.1013,0.00301725554105051,TRUE
"quad",1000,20,"DEF.stukel",0.01,0.009,0.000944404574321832,TRUE
"quad",1000,20,"DEF.stukel",0.05,0.0487,0.00215240121724552,TRUE
"quad",1000,20,"DEF.stukel",0.1,0.0983,0.00297719851538321,TRUE
"quad",1000,20,"EF",0.01,0.0083,0.000907254650029417,TRUE
"quad",1000,20,"EF",0.05,0.0502,0.00218357413430366,TRUE
"quad",1000,20,"EF",0.1,0.1026,0.00303435726307895,TRUE
"quad",1000,20,"HL",0.01,0.0084,0.000912657657613193,TRUE
"quad",1000,20,"HL",0.05,0.0498,0.00217531514958178,TRUE
"quad",1000,20,"HL",0.1,0.1026,0.00303435726307895,TRUE
"quad",1000,20,"HL-equalwidth",0.01,0.0075,0.00086277169633687,TRUE
"quad",1000,20,"HL-equalwidth",0.05,0.0468,0.00211210227025114,TRUE
"quad",1000,20,"HL-equalwidth",0.1,0.0961,0.00294728332536931,TRUE
"quad",1000,20,"Pigeon-Heyse",0.01,0.0055,0.000739577582137263,FALSE
"quad",1000,20,"Pigeon-Heyse",0.05,0.0356,0.00185290690537868,FALSE
"quad",1000,20,"Pigeon-Heyse",0.1,0.0773,0.0026706686428683,FALSE
"quad",1000,20,"Stukel",0.01,0.0214,0.00144713648285157,FALSE
"quad",1000,20,"Stukel",0.05,0.0709,0.00256657729281625,FALSE
"quad",1000,20,"Stukel",0.1,0.1153,0.00319383640783306,FALSE
"quad",1000,20,"Tsiatis",0.01,0.0079,0.000885301643509149,TRUE
"quad",1000,20,"Tsiatis",0.05,0.0481,0.00213977545550929,TRUE
"quad",1000,20,"Tsiatis",0.1,0.0968,0.00295685238048841,TRUE
"quad",1000,20,"Xie",0.01,0.0066,0.000809718469592981,FALSE
"quad",1000,20,"Xie",0.05,0.0345,0.00182509588789192,FALSE
"quad",1000,20,"Xie",0.1,0.0774,0.0026722507367386,FALSE
