"scenario","shape","n","G","alpha","test","reject_rate","mcse","B","A_delta","mcse_diff_vs_HL","mcse_diff_vs_EF"
"crossover",NA,1000,10,0.01,"DEF.poly2",0.0254,0.00222507707731665,5000,0.0052515814601584,0.00257681974534503,0.00256124969497314
"crossover",NA,1000,10,0.05,"DEF.poly2",0.0906,0.00405935068699417,5000,0.0052515814601584,0.0046690470119715,0.0046776062254106
"crossover",NA,1000,10,0.1,"DEF.poly2",0.1464,0.00499934075653981,5000,0.0052515814601584,0.0060398675482166,0.00604317797189525
"crossover",NA,1000,10,0.01,"DEF.poly3",0.0216,0.00205589104769684,5000,0.0052515814601584,0.00240831891575846,0.00239165214862028
"crossover",NA,1000,10,0.05,"DEF.poly3",0.0784,0.00380140605565888,5000,0.0052515814601584,0.00436348484585429,0.00437264222181509
"crossover",NA,1000,10,0.1,"DEF.poly3",0.1406,0.00491592595550421,5000,0.0052515814601584,0.00563205113613149,0.00562849891178811
"crossover",NA,1000,10,0.01,"DEF.stukel",0.0158,0.00176353962246387,5000,0.0052515814601584,0.00233238075793812,0.00231516738055805
"crossover",NA,1000,10,0.05,"DEF.stukel",0.069,0.00358438279205779,5000,0.0052515814601584,0.00432203655699486,0.00432203655699486
"crossover",NA,1000,10,0.1,"DEF.stukel",0.1238,0.004657758259077,5000,0.0052515814601584,0.00551724568965349,0.00553534100123922
"crossover",NA,1000,10,0.01,"EF",0.0174,0.00184917495116065,5000,0.0052515814601584,0.000282842712474619,0
"crossover",NA,1000,10,0.05,"EF",0.0724,0.00366492128155572,5000,0.0052515814601584,0.000489897948556636,0
"crossover",NA,1000,10,0.1,"EF",0.131,0.00477156158924937,5000,0.0052515814601584,6e-04,0
"crossover",NA,1000,10,0.01,"HL",0.0178,0.00186992834087299,5000,0.0052515814601584,0,0.000282842712474619
"crossover",NA,1000,10,0.05,"HL",0.0716,0.00364618814654428,5000,0.0052515814601584,0,0.000489897948556636
"crossover",NA,1000,10,0.1,"HL",0.1316,0.00478082503340166,5000,0.0052515814601584,0,6e-04
"crossover",NA,1000,10,0.01,"HL-equalwidth",0.0238,0.00215562334372218,5000,0.0052515814601584,0.00256124969497314,0.00254558441227157
"crossover",NA,1000,10,0.05,"HL-equalwidth",0.089,0.00402688465193628,5000,0.0052515814601584,0.00450333209967908,0.00451220566907139
"crossover",NA,1000,10,0.1,"HL-equalwidth",0.1556,0.00512618064449547,5000,0.0052515814601584,0.00563560112144215,0.00563914887194867
"crossover",NA,1000,10,0.01,"Pigeon-Heyse",0.0098,0.00139312311013779,5000,0.0052515814601584,0.00126491106406735,0.0012328828005938
"crossover",NA,1000,10,0.05,"Pigeon-Heyse",0.046,0.00296256645495084,5000,0.0052515814601584,0.00226274169979695,0.00229782505861521
"crossover",NA,1000,10,0.1,"Pigeon-Heyse",0.0904,0.00405531355137923,5000,0.0052515814601584,0.00287054001888146,0.002849561369755
"crossover",NA,1000,10,0.01,"Stukel",0.0674,0.00354562378150869,5000,0.0052515814601584,0.00373095162123553,0.00373095162123553
"crossover",NA,1000,10,0.05,"Stukel",0.1418,0.00493341180117776,5000,0.0052515814601584,0.0054881690936049,0.0054881690936049
"crossover",NA,1000,10,0.1,"Stukel",0.2022,0.00568005563353036,5000,0.0052515814601584,0.00649615270756469,0.00648690989609074
"crossover",NA,1000,10,0.01,"Tsiatis",0.8114,0.00553226969696887,5000,0.0052515814601584,0.0126269552941317,0.0126301227230776
"crossover",NA,1000,10,0.05,"Tsiatis",0.9386,0.00339499749631719,5000,0.0052515814601584,0.0131863565855015,0.0131833227981416
"crossover",NA,1000,10,0.1,"Tsiatis",0.969,0.00245108139399735,5000,0.0052515814601584,0.0129722781345452,0.0129769025580067
"crossover",NA,1000,10,0.01,"Xie",0.7822,0.00583717671481685,5000,0.0052515814601584,0.0123870900537616,0.0123903188013868
"crossover",NA,1000,10,0.05,"Xie",0.9148,0.0039481884453506,5000,0.0052515814601584,0.0130291979799219,0.013026127590347
"crossover",NA,1000,10,0.1,"Xie",0.9596,0.00278452293939195,5000,0.0052515814601584,0.0129120099132552,0.012916655913974
"crossover",NA,2000,10,0.01,"DEF.poly2",0.02,0.00197989898732233,5000,0.0052515814601584,0.00235796522451032,0.00235796522451032
"crossover",NA,2000,10,0.05,"DEF.poly2",0.0732,0.00368352439926764,5000,0.0052515814601584,0.00439089968002003,0.00439545219516718
"crossover",NA,2000,10,0.1,"DEF.poly2",0.1372,0.00486572009059296,5000,0.0052515814601584,0.00588557558782486,0.00587877538267963
"crossover",NA,2000,10,0.01,"DEF.poly3",0.0198,0.00197017562668915,5000,0.0052515814601584,0.00222710574513201,0.00222710574513201
"crossover",NA,2000,10,0.05,"DEF.poly3",0.078,0.00379251895183136,5000,0.0052515814601584,0.0043081318457076,0.00431277173056956
"crossover",NA,2000,10,0.1,"DEF.poly3",0.137,0.00486273585546244,5000,0.0052515814601584,0.00556776436283002,0.00557494394590654
"crossover",NA,2000,10,0.01,"DEF.stukel",0.0152,0.00173025778426222,5000,0.0052515814601584,0.00208806130178211,0.00208806130178211
"crossover",NA,2000,10,0.05,"DEF.stukel",0.0774,0.00377913323395723,5000,0.0052515814601584,0.0044226688774992,0.00442718872423573
"crossover",NA,2000,10,0.1,"DEF.stukel",0.1306,0.00476536756189908,5000,0.0052515814601584,0.00553895296965049,0.00555337735076593
"crossover",NA,2000,10,0.01,"EF",0.0166,0.00180690010791964,5000,0.0052515814601584,0,0
"crossover",NA,2000,10,0.05,"EF",0.0694,0.00359398497492686,5000,0.0052515814601584,0.000346410161513775,0
"crossover",NA,2000,10,0.1,"EF",0.134,0.00481755124518671,5000,0.0052515814601584,0.000565685424949238,0
"crossover",NA,2000,10,0.01,"HL",0.0166,0.00180690010791964,5000,0.0052515814601584,0,0
"crossover",NA,2000,10,0.05,"HL",0.0692,0.00358918820905229,5000,0.0052515814601584,0,0.000346410161513775
"crossover",NA,2000,10,0.1,"HL",0.1344,0.00482362187572782,5000,0.0052515814601584,0,0.000565685424949238
"crossover",NA,2000,10,0.01,"HL-equalwidth",0.0316,0.00247392158323581,5000,0.0052515814601584,0.00266082693913001,0.00266082693913001
"crossover",NA,2000,10,0.05,"HL-equalwidth",0.1066,0.00436431987828573,5000,0.0052515814601584,0.0047116875957559,0.00470744091837593
"crossover",NA,2000,10,0.1,"HL-equalwidth",0.1758,0.00538320276415444,5000,0.0052515814601584,0.00584807660688538,0.00584123274660409
"crossover",NA,2000,10,0.01,"Pigeon-Heyse",0.0116,0.00151429455523026,5000,0.0052515814601584,0.001,0.001
"crossover",NA,2000,10,0.05,"Pigeon-Heyse",0.0468,0.00298696367570816,5000,0.0052515814601584,0.00211660104885167,0.00212602916254693
"crossover",NA,2000,10,0.1,"Pigeon-Heyse",0.0894,0.00403503754629371,5000,0.0052515814601584,0.003,0.00298663690461362
"crossover",NA,2000,10,0.01,"Stukel",0.0536,0.00318518570887162,5000,0.0052515814601584,0.00337638860322683,0.00337638860322683
"crossover",NA,2000,10,0.05,"Stukel",0.1308,0.00476846642013971,5000,0.0052515814601584,0.00529150262212918,0.00529528091794949
"crossover",NA,2000,10,0.1,"Stukel",0.1888,0.00553452003339043,5000,0.0052515814601584,0.00644980619863884,0.00644980619863884
"crossover",NA,2000,10,0.01,"Tsiatis",0.9962,0.000870121830550185,5000,0.0052515814601584,0.0139971425655382,0.0139971425655382
"crossover",NA,2000,10,0.05,"Tsiatis",0.9996,0.000282786138274123,5000,0.0052515814601584,0.0136411143239839,0.013639648089302
"crossover",NA,2000,10,0.1,"Tsiatis",1,0,5000,0.0052515814601584,0.0131575073627188,0.0131605471010897
"crossover",NA,2000,10,0.01,"Xie",0.9944,0.00105533312276267,5000,0.0052515814601584,0.0139842768851307,0.0139842768851307
"crossover",NA,2000,10,0.05,"Xie",0.9992,0.000399839967987199,5000,0.0052515814601584,0.0136381816969859,0.0136367151469846
"crossover",NA,2000,10,0.1,"Xie",0.9998,0.000199979998999889,5000,0.0052515814601584,0.0131559872301549,0.0131590273196768
"osc4","osc4",1000,10,0.01,"DEF.poly2",0.0208,0.00201828441999635,5000,0.100239728337386,0.0139942845476287,0.0139942845476287
"osc4","osc4",1000,10,0.05,"DEF.poly2",0.074,0.00370199945975145,5000,0.100239728337386,0.0136088206689632,0.0136088206689632
"osc4","osc4",1000,10,0.1,"DEF.poly2",0.1338,0.00481451056702548,5000,0.100239728337386,0.0131620667070183,0.0131620667070183
"osc4","osc4",1000,10,0.01,"DEF.poly3",0.3094,0.00653714983765861,5000,0.100239728337386,0.0117524465538032,0.0117524465538032
"osc4","osc4",1000,10,0.05,"DEF.poly3",0.5172,0.00706688276399149,5000,0.100239728337386,0.0098264947972306,0.0098264947972306
"osc4","osc4",1000,10,0.1,"DEF.poly3",0.624,0.00685016788115445,5000,0.100239728337386,0.00867179335547152,0.00867179335547152
"osc4","osc4",1000,10,0.01,"DEF.stukel",0.467,0.00705565021808763,5000,0.100239728337386,0.0103247275993122,0.0103247275993122
"osc4","osc4",1000,10,0.05,"DEF.stukel",0.6612,0.00669349774034473,5000,0.100239728337386,0.00823164625090267,0.00823164625090267
"osc4","osc4",1000,10,0.1,"DEF.stukel",0.751,0.0061155375887979,5000,0.100239728337386,0.00705691150575094,0.00705691150575094
"osc4","osc4",1000,10,0.01,"EF",1,0,5000,0.100239728337386,0,0
"osc4","osc4",1000,10,0.05,"EF",1,0,5000,0.100239728337386,0,0
"osc4","osc4",1000,10,0.1,"EF",1,0,5000,0.100239728337386,0,0
"osc4","osc4",1000,10,0.01,"HL",1,0,5000,0.100239728337386,0,0
"osc4","osc4",1000,10,0.05,"HL",1,0,5000,0.100239728337386,0,0
"osc4","osc4",1000,10,0.1,"HL",1,0,5000,0.100239728337386,0,0
"osc4","osc4",1000,10,0.01,"HL-equalwidth",0.9968,0.000798718974358313,5000,0.100239728337386,8e-04,8e-04
"osc4","osc4",1000,10,0.05,"HL-equalwidth",0.999,0.00044698993277254,5000,0.100239728337386,0.000447213595499958,0.000447213595499958
"osc4","osc4",1000,10,0.1,"HL-equalwidth",0.9994,0.000346306222872199,5000,0.100239728337386,0.000346410161513775,0.000346410161513775
"osc4","osc4",1000,10,0.01,"Pigeon-Heyse",1,0,5000,0.100239728337386,0,0
"osc4","osc4",1000,10,0.05,"Pigeon-Heyse",1,0,5000,0.100239728337386,0,0
"osc4","osc4",1000,10,0.1,"Pigeon-Heyse",1,0,5000,0.100239728337386,0,0
"osc4","osc4",1000,10,0.01,"Stukel",0.0656,0.00350133231784702,5000,0.100239728337386,0.013670405992508,0.013670405992508
"osc4","osc4",1000,10,0.05,"Stukel",0.1822,0.00545899551199669,5000,0.100239728337386,0.0127890578229985,0.0127890578229985
"osc4","osc4",1000,10,0.1,"Stukel",0.2848,0.00638261639141818,5000,0.100239728337386,0.0119599331101808,0.0119599331101808
"osc4","osc4",1000,10,0.01,"Tsiatis",1,0,5000,0.100239728337386,0,0
"osc4","osc4",1000,10,0.05,"Tsiatis",1,0,5000,0.100239728337386,0,0
"osc4","osc4",1000,10,0.1,"Tsiatis",1,0,5000,0.100239728337386,0,0
"osc4","osc4",1000,10,0.01,"Xie",1,0,5000,0.100239728337386,0,0
"osc4","osc4",1000,10,0.05,"Xie",1,0,5000,0.100239728337386,0,0
"osc4","osc4",1000,10,0.1,"Xie",1,0,5000,0.100239728337386,0,0
"osc4","osc4",2000,10,0.01,"DEF.poly2",0.0198,0.00197017562668915,5000,0.100239728337386,0.0140014284985497,0.0140014284985497
"osc4","osc4",2000,10,0.05,"DEF.poly2",0.0788,0.00381026403284602,5000,0.100239728337386,0.0135735036007657,0.0135735036007657
"osc4","osc4",2000,10,0.1,"DEF.poly2",0.1402,0.0049100704679261,5000,0.100239728337386,0.0131133519742284,0.0131133519742284
"osc4","osc4",2000,10,0.01,"DEF.poly3",0.6354,0.00680686183200453,5000,0.100239728337386,0.00853932081608368,0.00853932081608368
"osc4","osc4",2000,10,0.05,"DEF.poly3",0.8166,0.00547292316774135,5000,0.100239728337386,0.00605640157189069,0.00605640157189069
"osc4","osc4",2000,10,0.1,"DEF.poly3",0.8848,0.00451506279026106,5000,0.100239728337386,0.0048,0.0048
"osc4","osc4",2000,10,0.01,"DEF.stukel",0.8286,0.00532957859497353,5000,0.100239728337386,0.00585491246732178,0.00585491246732178
"osc4","osc4",2000,10,0.05,"DEF.stukel",0.928,0.00365557109081467,5000,0.100239728337386,0.00379473319220206,0.00379473319220206
"osc4","osc4",2000,10,0.1,"DEF.stukel",0.957,0.00286883251515316,5000,0.100239728337386,0.00293257565972304,0.00293257565972304
"osc4","osc4",2000,10,0.01,"EF",1,0,5000,0.100239728337386,0,0
"osc4","osc4",2000,10,0.05,"EF",1,0,5000,0.100239728337386,0,0
"osc4","osc4",2000,10,0.1,"EF",1,0,5000,0.100239728337386,0,0
"osc4","osc4",2000,10,0.01,"HL",1,0,5000,0.100239728337386,0,0
"osc4","osc4",2000,10,0.05,"HL",1,0,5000,0.100239728337386,0,0
"osc4","osc4",2000,10,0.1,"HL",1,0,5000,0.100239728337386,0,0
"osc4","osc4",2000,10,0.01,"HL-equalwidth",1,0,5000,0.100239728337386,0,0
"osc4","osc4",2000,10,0.05,"HL-equalwidth",1,0,5000,0.100239728337386,0,0
"osc4","osc4",2000,10,0.1,"HL-equalwidth",1,0,5000,0.100239728337386,0,0
"osc4","osc4",2000,10,0.01,"Pigeon-Heyse",1,0,5000,0.100239728337386,0,0
"osc4","osc4",2000,10,0.05,"Pigeon-Heyse",1,0,5000,0.100239728337386,0,0
"osc4","osc4",2000,10,0.1,"Pigeon-Heyse",1,0,5000,0.100239728337386,0,0
"osc4","osc4",2000,10,0.01,"Stukel",0.1186,0.004572396308283,5000,0.100239728337386,0.0132770478646422,0.0132770478646422
"osc4","osc4",2000,10,0.05,"Stukel",0.3264,0.00663118450957293,5000,0.100239728337386,0.0116068945028375,0.0116068945028375
"osc4","osc4",2000,10,0.1,"Stukel",0.487,0.00706867738689495,5000,0.100239728337386,0.0101291658096805,0.0101291658096805
"osc4","osc4",2000,10,0.01,"Tsiatis",1,0,5000,0.100239728337386,0,0
"osc4","osc4",2000,10,0.05,"Tsiatis",1,0,5000,0.100239728337386,0,0
"osc4","osc4",2000,10,0.1,"Tsiatis",1,0,5000,0.100239728337386,0,0
"osc4","osc4",2000,10,0.01,"Xie",1,0,5000,0.100239728337386,0,0
"osc4","osc4",2000,10,0.05,"Xie",1,0,5000,0.100239728337386,0,0
"osc4","osc4",2000,10,0.1,"Xie",1,0,5000,0.100239728337386,0,0
"sawtooth","sawtooth",1000,10,0.01,"DEF.poly2",0.0104,0.00143470136265357,5000,0.0460999773624466,0.0130858702423645,0.0130721077106946
"sawtooth","sawtooth",1000,10,0.05,"DEF.poly2",0.0516,0.00312849612433834,5000,0.0460999773624466,0.01342236938845,0.013419388957773
"sawtooth","sawtooth",1000,10,0.1,"DEF.poly2",0.1046,0.00432802125687941,5000,0.0460999773624466,0.0132151428293454,0.0132136293273271
"sawtooth","sawtooth",1000,10,0.01,"DEF.poly3",0.0358,0.00262748396760094,5000,0.0460999773624466,0.0128903064354576,0.0128763348822559
"sawtooth","sawtooth",1000,10,0.05,"DEF.poly3",0.1066,0.00436431987828573,5000,0.0460999773624466,0.0130030765590302,0.013
"sawtooth","sawtooth",1000,10,0.1,"DEF.poly3",0.181,0.00544497933880377,5000,0.0460999773624466,0.01261744823647,0.0126158630303281
"sawtooth","sawtooth",1000,10,0.01,"DEF.stukel",0.0646,0.00347640158784914,5000,0.0460999773624466,0.0126680700976905,0.0126538531681065
"sawtooth","sawtooth",1000,10,0.05,"DEF.stukel",0.1614,0.00520288458453577,5000,0.0460999773624466,0.0125841169733915,0.0125809379618532
"sawtooth","sawtooth",1000,10,0.1,"DEF.stukel",0.241,0.00604845434801322,5000,0.0460999773624466,0.0121326007104825,0.0121309521472966
"sawtooth","sawtooth",1000,10,0.01,"EF",0.8644,0.00484174844451878,5000,0.0460999773624466,6e-04,0
"sawtooth","sawtooth",1000,10,0.05,"EF",0.9508,0.00305873699425106,5000,0.0460999773624466,0.000282842712474619,0
"sawtooth","sawtooth",1000,10,0.1,"EF",0.9764,0.00214676687136726,5000,0.0460999773624466,0.000447213595499958,0
"sawtooth","sawtooth",1000,10,0.01,"HL",0.8662,0.00481451056702548,5000,0.0460999773624466,0,6e-04
"sawtooth","sawtooth",1000,10,0.05,"HL",0.9512,0.00304691844328003,5000,0.0460999773624466,0,0.000282842712474619
"sawtooth","sawtooth",1000,10,0.1,"HL",0.9766,0.00213786996798215,5000,0.0460999773624466,0,0.000447213595499958
"sawtooth","sawtooth",1000,10,0.01,"HL-equalwidth",0.7548,0.00608402761334956,5000,0.0460999773624466,0.00690796641566822,0.00689927532426414
"sawtooth","sawtooth",1000,10,0.05,"HL-equalwidth",0.8732,0.0047057785753263,5000,0.0460999773624466,0.00516913919332803,0.00517687164221791
"sawtooth","sawtooth",1000,10,0.1,"HL-equalwidth",0.9182,0.00387579050001416,5000,0.0460999773624466,0.00418568990729127,0.00418090899207337
"sawtooth","sawtooth",1000,10,0.01,"Pigeon-Heyse",0.8206,0.00542615222786829,5000,0.0460999773624466,0.0030199337741083,0.00295972971738975
"sawtooth","sawtooth",1000,10,0.05,"Pigeon-Heyse",0.933,0.00353584501922808,5000,0.0460999773624466,0.00190787840283389,0.00188679622641132
"sawtooth","sawtooth",1000,10,0.1,"Pigeon-Heyse",0.9632,0.00266254614983478,5000,0.0460999773624466,0.00163707055437449,0.00162480768092719
"sawtooth","sawtooth",1000,10,0.01,"Stukel",0.0256,0.00223359083092674,5000,0.0460999773624466,0.0129722781345452,0.01295839496234
"sawtooth","sawtooth",1000,10,0.05,"Stukel",0.0812,0.00386281141139456,5000,0.0460999773624466,0.0132060592153753,0.0132030299552792
"sawtooth","sawtooth",1000,10,0.1,"Stukel",0.133,0.00480231194322068,5000,0.0460999773624466,0.0130046145656071,0.013
"sawtooth","sawtooth",1000,10,0.01,"Tsiatis",0.8632,0.00485974814162216,5000,0.0460999773624466,0.00615467302137165,0.0061708994482166
"sawtooth","sawtooth",1000,10,0.05,"Tsiatis",0.9482,0.0031342227106573,5000,0.0460999773624466,0.00395474398665704,0.0039446165846632
"sawtooth","sawtooth",1000,10,0.1,"Tsiatis",0.971,0.00237314137800511,5000,0.0460999773624466,0.00303315017762062,0.00302654919008431
"sawtooth","sawtooth",1000,10,0.01,"Xie",0.8632,0.00485974814162216,5000,0.0460999773624466,0.00558211429478114,0.00559285258164382
"sawtooth","sawtooth",1000,10,0.05,"Xie",0.9508,0.00305873699425106,5000,0.0460999773624466,0.00376297754444536,0.00376297754444536
"sawtooth","sawtooth",1000,10,0.1,"Xie",0.973,0.00229220417938717,5000,0.0460999773624466,0.0027712812921102,0.00277848879788996
"sawtooth","sawtooth",2000,10,0.01,"DEF.poly2",0.0118,0.00152713850059515,5000,0.0460999773624466,0.0140370937162933,0.0140370937162933
"sawtooth","sawtooth",2000,10,0.05,"DEF.poly2",0.0552,0.0032296427046966,5000,0.0460999773624466,0.0137419067090415,0.0137419067090415
"sawtooth","sawtooth",2000,10,0.1,"DEF.poly2",0.1104,0.00443197111903947,5000,0.0460999773624466,0.0133371661157834,0.0133371661157834
"sawtooth","sawtooth",2000,10,0.01,"DEF.poly3",0.062,0.00341045451516363,5000,0.0460999773624466,0.0136747943311773,0.0136747943311773
"sawtooth","sawtooth",2000,10,0.05,"DEF.poly3",0.166,0.00526201482324024,5000,0.0460999773624466,0.01291046087481,0.01291046087481
"sawtooth","sawtooth",2000,10,0.1,"DEF.poly3",0.2486,0.00611225064931078,5000,0.0460999773624466,0.0122572427568356,0.0122572427568356
"sawtooth","sawtooth",2000,10,0.01,"DEF.stukel",0.1254,0.00468347819467541,5000,0.0460999773624466,0.0132030299552792,0.0132030299552792
"sawtooth","sawtooth",2000,10,0.05,"DEF.stukel",0.2592,0.0061970212199088,5000,0.0460999773624466,0.0121671689394041,0.0121671689394041
"sawtooth","sawtooth",2000,10,0.1,"DEF.stukel",0.3586,0.00678241903748213,5000,0.0460999773624466,0.011327841806805,0.011327841806805
"sawtooth","sawtooth",2000,10,0.01,"EF",0.997,0.000773433901506781,5000,0.0460999773624466,0,0
"sawtooth","sawtooth",2000,10,0.05,"EF",0.9994,0.000346306222872199,5000,0.0460999773624466,0,0
"sawtooth","sawtooth",2000,10,0.1,"EF",0.9998,0.000199979998999889,5000,0.0460999773624466,0,0
"sawtooth","sawtooth",2000,10,0.01,"HL",0.997,0.000773433901506781,5000,0.0460999773624466,0,0
"sawtooth","sawtooth",2000,10,0.05,"HL",0.9994,0.000346306222872199,5000,0.0460999773624466,0,0
"sawtooth","sawtooth",2000,10,0.1,"HL",0.9998,0.000199979998999889,5000,0.0460999773624466,0,0
"sawtooth","sawtooth",2000,10,0.01,"HL-equalwidth",0.9622,0.0026970784193271,5000,0.0460999773624466,0.00281424945589406,0.00281424945589406
"sawtooth","sawtooth",2000,10,0.05,"HL-equalwidth",0.9912,0.00132079975772257,5000,0.0460999773624466,0.00137113092008021,0.00137113092008021
"sawtooth","sawtooth",2000,10,0.1,"HL-equalwidth",0.9952,0.000977441558355284,5000,0.0460999773624466,0.001,0.001
"sawtooth","sawtooth",2000,10,0.01,"Pigeon-Heyse",0.9954,0.000956957679315031,5000,0.0460999773624466,0.000565685424949238,0.000565685424949238
"sawtooth","sawtooth",2000,10,0.05,"Pigeon-Heyse",0.9988,0.000489603921552918,5000,0.0460999773624466,0.000346410161513775,0.000346410161513775
"sawtooth","sawtooth",2000,10,0.1,"Pigeon-Heyse",0.9996,0.000282786138274123,5000,0.0460999773624466,2e-04,2e-04
"sawtooth","sawtooth",2000,10,0.01,"Stukel",0.0316,0.00247392158323581,5000,0.0460999773624466,0.0138953229541454,0.0138953229541454
"sawtooth","sawtooth",2000,10,0.05,"Stukel",0.0902,0.00405127041802939,5000,0.0460999773624466,0.0134848062648301,0.0134848062648301
"sawtooth","sawtooth",2000,10,0.1,"Stukel",0.1492,0.00503863791118195,5000,0.0460999773624466,0.0130430057885443,0.0130430057885443
"sawtooth","sawtooth",2000,10,0.01,"Tsiatis",0.993,0.00117906742809731,5000,0.0460999773624466,0.00135646599662505,0.00135646599662505
"sawtooth","sawtooth",2000,10,0.05,"Tsiatis",0.9988,0.000489603921552918,5000,0.0460999773624466,6e-04,6e-04
"sawtooth","sawtooth",2000,10,0.1,"Tsiatis",0.999,0.00044698993277254,5000,0.0460999773624466,0.000489897948556636,0.000489897948556636
"sawtooth","sawtooth",2000,10,0.01,"Xie",0.997,0.000773433901506781,5000,0.0460999773624466,0.00105830052442584,0.00105830052442584
"sawtooth","sawtooth",2000,10,0.05,"Xie",0.9998,0.000199979998999889,5000,0.0460999773624466,4e-04,4e-04
"sawtooth","sawtooth",2000,10,0.1,"Xie",1,0,5000,0.0460999773624466,2e-04,2e-04
